"","tax_name","ExrNTC_S49","LibNTC_S51","WP2-001_S1","WP2-002_S2","WP2-003_S3","WP2-004_S4","WP2-005_S5","WP2-006_S6","WP2-007_S7","WP2-008_S8","WP2-009_S9","WP2-010_S10","WP2-011_S11","WP2-012_S12","WP2-013_S13","WP2-014_S14","WP2-016_S16","WP2-017_S17","WP2-018_S18","WP2-019_S19","WP2-020_S20","WP2-021_S21","WP2-022_S22","WP2-023_S23","WP2-024_S24","WP2-025_S25","WP2-026_S26","WP2-027_S48","WP2-029_S29","WP2-030_S30","WP2-031_S31","WP2-032_S32","WP2-033_S33","WP2-034_S34","WP2-035_S35","WP2-036_S36","WP2-037_S37","WP2-038_S38","WP2-039_S39","WP2-040_S40","WP2-041_S41","WP2-042_S42","WP2-043_S43","WP2-044_S44","WP2-045_S45","WP2-046_S46"
"1","Acanthopagrus",0,0,0,0,0,0,0,0,0,0,0,0,50,0,0,133,0,0,0,0,0,0,77,0,0,0,0,0,0,92,0,0,0,0,0,0,0,0,0,0,0,0,0,0,0,0
"2","Acartia",0,0,0,0,0,0,0,0,0,0,0,0,56,0,0,0,0,0,0,0,0,0,0,0,0,0,0,0,0,0,0,0,0,0,0,0,0,0,0,0,0,0,0,0,0,0
"3","Accipiter",0,0,0,0,0,0,0,0,0,0,0,0,55,0,0,120,0,0,0,0,0,0,0,0,0,0,0,0,0,50,0,0,0,0,0,0,0,0,0,0,0,0,0,0,0,0
"4","Acholoe",0,0,0,0,0,0,0,0,81,0,81,65,181,67,62,0,0,0,0,0,209,0,55,108,0,79,91,0,141,115,0,0,0,0,0,0,0,0,0,0,0,0,183,0,0,0
"5","Acipenser",0,0,0,0,52,59,0,0,0,0,0,61,185,0,110,365,62,0,0,0,0,0,0,0,0,67,108,0,161,301,0,0,0,0,55,50,0,0,0,0,0,0,86,0,0,0
"6","Acleris",0,0,50,0,0,0,0,0,0,0,0,0,82,0,62,62,0,0,0,0,0,0,0,0,0,0,58,0,81,144,0,0,0,0,0,77,0,0,0,0,0,0,0,0,0,0
"7","Acomys",0,0,66,0,77,83,80,0,0,0,99,96,280,0,140,377,70,69,0,59,58,78,76,0,0,108,122,0,231,399,58,0,53,69,76,69,0,59,0,0,0,0,127,0,59,0
"8","Acrobasis",0,0,89,0,0,0,0,0,0,0,0,0,0,0,0,55,0,0,0,0,0,0,0,0,0,0,0,0,0,128,0,0,0,0,0,0,0,0,0,0,0,0,0,0,0,0
"9","Acrocephalus",0,0,0,0,0,0,0,0,0,0,0,0,63,0,0,73,0,0,0,0,0,0,0,0,0,0,0,0,0,163,0,0,0,0,0,0,0,0,0,0,0,0,0,0,0,0
"10","Acronicta",0,0,0,0,0,0,0,0,0,0,0,0,0,0,0,0,0,0,0,0,0,0,0,0,0,0,0,0,0,80,0,0,0,0,0,0,0,0,0,0,0,0,0,0,0,0
"11","Acropora",0,0,0,0,0,0,0,0,0,0,0,0,0,0,0,0,0,0,0,0,0,0,0,0,0,0,0,0,0,75,0,0,0,0,0,0,0,0,0,0,0,0,0,0,0,0
"12","Actinia",0,0,0,0,0,0,58,0,71,0,57,54,123,0,59,78,0,0,0,0,0,0,0,0,0,72,60,0,0,77,0,0,0,0,0,0,61,0,0,0,0,0,0,0,0,0
"13","Aedes",0,0,79,0,107,0,0,0,0,65,76,102,226,0,146,235,0,0,0,82,65,103,68,57,0,106,134,0,160,836,0,0,59,0,0,108,0,0,0,0,52,0,98,0,0,0
"14","Aequipecten",0,0,0,0,0,0,0,0,0,0,0,0,0,0,0,0,0,0,0,0,0,0,0,0,0,0,0,0,0,0,0,0,0,0,0,0,0,0,0,0,0,0,54,0,0,0
"15","Agelas",0,0,0,0,0,0,0,0,0,0,0,0,0,0,0,0,0,0,0,0,0,0,0,0,0,0,0,0,0,59,0,0,0,0,0,0,0,0,0,0,0,0,0,0,0,0
"16","Agonopterix",0,0,0,0,0,0,0,0,0,0,0,0,0,0,0,0,0,0,0,0,0,0,0,0,0,0,0,0,0,82,0,0,0,0,0,0,0,0,0,0,0,0,0,0,0,0
"17","Agonum",0,0,0,0,0,0,0,0,0,0,0,0,52,0,0,0,0,0,0,0,0,0,0,0,0,0,0,0,0,0,0,0,0,0,0,0,0,0,0,0,0,0,0,0,0,0
"18","Agriopis",0,0,0,0,0,0,0,0,0,0,0,0,0,0,0,50,0,0,0,0,0,0,0,0,0,0,0,0,0,62,0,0,0,0,0,0,0,0,0,0,0,0,0,0,0,0
"19","Agriphila",0,0,0,0,0,0,0,0,0,0,0,0,57,0,0,0,0,0,0,0,0,0,0,0,0,0,0,0,0,4162,0,0,0,0,0,0,0,0,0,0,0,0,0,0,0,0
"20","Agrochola",0,0,0,0,0,0,0,0,0,0,0,0,79,0,60,63,0,0,0,0,0,0,0,0,0,0,76,0,66,123,0,0,0,0,0,0,0,0,0,0,0,0,0,0,61,0
"21","Agrotis",0,0,0,0,0,0,0,0,0,0,0,0,0,0,0,0,0,0,0,0,0,0,0,0,0,0,0,0,0,60,0,0,0,0,0,0,0,0,0,0,0,0,0,0,0,0
"22","Ahaetulla",0,0,0,0,0,0,0,0,0,0,0,0,0,0,0,0,0,0,0,0,0,0,0,0,0,0,50,0,0,0,0,0,0,0,0,0,0,0,0,0,0,0,0,0,0,0
"23","Ailuropoda",0,0,0,0,0,0,0,0,0,0,0,0,0,0,0,0,0,0,0,0,0,68,0,0,0,0,0,0,0,0,0,0,0,0,0,0,0,0,0,0,0,0,0,0,0,0
"24","Alentia",0,0,0,0,0,0,82,136,111,163,199,342,666,0,116,0,0,0,0,0,130,351,242,62,0,259,176,0,154,297,0,0,0,50,0,0,0,0,0,0,0,78,89,0,0,0
"25","Alitta",0,0,0,0,70,0,0,0,0,0,76,0,145,0,69,160,149,0,0,0,0,52,0,0,0,55,91,0,106,612,0,0,0,0,0,0,0,0,0,0,0,0,0,0,0,0
"26","Alloplasta",0,0,0,0,0,0,0,0,0,0,0,0,70,0,53,115,0,0,0,0,0,0,0,0,0,0,52,0,62,209,0,0,0,0,0,0,0,0,0,0,0,0,0,0,0,0
"27","Alosa",0,0,69,0,50,0,0,0,0,0,0,62,0,0,544,62,66,0,0,0,0,73,0,0,0,76,200,0,0,0,0,0,0,0,62,61,0,54,0,0,0,0,73,0,221,0
"28","Alsophila",0,0,0,0,0,0,0,0,0,0,0,0,50,0,0,0,0,0,0,0,0,0,0,0,0,0,0,0,0,191,0,0,0,0,0,0,0,0,0,0,0,0,0,0,0,0
"29","Amblyraja",0,0,0,0,114,0,0,0,53,0,0,68,0,0,50,0,0,0,0,0,53,0,0,0,0,59,84,0,0,0,0,0,0,0,0,0,0,0,0,0,0,0,0,0,0,0
"30","Amblyteles",0,0,0,0,0,0,0,0,0,0,0,0,0,0,0,126,0,0,0,0,0,0,0,0,0,0,0,0,0,100,0,0,0,0,0,0,0,0,0,0,0,0,0,0,0,0
"31","Ammodytes",0,0,563,320,528,201,372,336,647,1034,3040,2067,1711,496,1232,0,660,0,159,193,1604,533,180,96,0,1157,802,95,2063,3900,82,58,120,115,70,145,185,157,80,56,143,0,141,306,315,0
"32","Amphibalanus",0,0,50,0,0,0,0,0,0,0,0,55,127,0,103,139,0,0,0,0,0,68,0,0,0,66,114,0,85,144,0,0,0,0,0,0,0,0,0,0,0,0,288,0,0,0
"33","Amphiduros",0,0,0,0,0,0,0,0,0,0,0,54,72,0,64,0,0,0,0,0,0,0,0,0,0,75,65,0,65,149,0,0,0,0,0,0,0,0,0,0,0,0,56,0,0,0
"34","Anabas",0,0,0,0,0,0,0,0,0,0,0,0,0,0,0,0,0,0,0,0,0,0,0,0,0,0,0,0,0,74,0,0,0,0,0,0,0,0,0,0,0,0,0,0,0,0
"35","Anarrhichthys",0,0,0,0,0,0,0,0,0,0,0,93,0,0,0,0,0,0,0,0,0,68,0,0,0,0,0,0,0,0,0,0,0,0,0,0,0,0,0,0,0,0,0,0,138,0
"36","Anas",0,0,0,0,0,0,0,0,0,0,0,0,0,0,0,58,0,0,0,0,0,0,0,0,0,0,0,0,0,57,0,0,0,0,0,0,0,0,0,0,0,0,0,0,0,0
"37","Anastrepha",0,0,0,0,0,0,0,0,0,0,0,0,94,0,51,79,0,0,0,0,0,0,0,0,0,0,60,0,84,94,0,0,0,0,0,0,0,0,0,0,0,0,0,0,0,0
"38","Andrena",0,0,60,0,0,0,75,0,0,0,54,0,142,0,138,141,0,0,56,0,0,63,0,0,0,73,164,0,83,594,50,0,0,51,0,67,0,0,0,0,0,60,69,0,0,0
"39","Anguilla",0,0,54,0,0,51,0,0,0,0,0,0,0,0,54,0,0,0,0,0,0,85,0,0,0,0,0,0,0,0,0,0,0,0,0,0,0,0,0,0,0,0,0,0,0,0
"40","Anisus",0,0,0,0,307,0,0,0,0,0,0,0,124,0,71,0,0,0,0,0,0,0,0,0,0,75,98,0,103,258,0,0,0,0,0,0,0,0,0,0,0,0,58,0,0,0
"41","Anneissia",0,0,0,0,0,0,0,0,0,0,0,0,0,0,0,51,0,0,0,0,0,0,0,0,0,0,0,0,0,56,0,0,0,0,0,0,0,0,0,0,0,0,0,0,0,0
"42","Anolis",0,0,0,0,0,0,0,0,0,0,0,0,0,0,0,0,0,0,0,0,0,0,0,0,0,0,53,0,0,0,0,0,0,0,0,0,0,0,0,0,0,0,51,0,0,0
"43","Anopheles",0,0,0,0,90,0,0,0,0,0,70,75,205,0,137,207,0,0,0,0,0,95,0,0,0,80,110,0,144,369,0,0,0,0,0,171,0,0,0,54,0,54,0,0,0,0
"44","Anoplius",0,0,0,0,0,0,0,0,0,0,0,0,0,0,0,0,0,0,0,0,0,0,0,0,0,0,0,0,0,201,0,0,0,0,0,0,0,0,0,0,0,0,0,0,0,0
"45","Anorthoa",0,0,0,0,0,0,0,0,0,0,0,0,0,0,0,0,0,0,0,0,0,0,0,0,0,0,0,0,0,60,0,0,0,0,0,0,0,0,0,0,0,0,0,0,0,0
"46","Antechinus",0,0,0,0,70,79,0,0,0,0,68,82,0,0,118,0,0,0,0,0,0,64,58,0,0,84,115,0,0,0,0,0,0,0,66,72,0,0,0,0,0,57,80,0,0,0
"47","Apamea",0,0,0,0,0,0,0,0,0,0,0,0,91,0,0,0,0,0,0,0,0,0,0,0,0,0,54,0,58,126,0,0,0,0,0,0,0,0,0,0,0,0,0,0,0,0
"48","Apeira",0,0,0,0,0,0,0,0,0,0,0,0,0,0,0,0,0,0,0,0,0,0,0,0,0,0,0,0,0,114,0,0,0,0,0,0,0,0,0,0,0,0,0,0,0,0
"49","Apis",0,0,0,0,0,0,0,0,0,0,0,0,125,0,85,116,0,0,0,0,0,0,0,0,0,0,77,0,114,131,0,0,0,0,0,0,0,0,0,0,0,0,58,0,0,0
"50","Aplidium",0,0,63,0,101,80,101,64,128,73,73,105,189,66,136,209,128,0,86,55,50,64,91,0,0,316,366,0,600,318,89,106,142,170,119,136,131,74,0,0,61,93,537,355,92,134
"51","Aplysia",0,0,0,0,111,0,0,0,0,0,0,77,244,0,134,539,58,0,0,0,70,106,72,135,0,98,145,0,334,501,0,0,0,0,0,0,0,0,0,0,0,51,85,0,0,0
"52","Aplysina",0,0,0,0,0,0,0,0,0,0,0,0,0,0,0,0,0,0,0,0,0,0,0,0,0,0,0,0,0,71,0,0,0,0,0,0,0,0,0,0,0,0,0,0,0,0
"53","Apodemus",0,0,64,64,79,0,50,0,0,0,58,83,82,0,134,147,53,68,0,0,0,71,0,0,0,90,118,0,88,152,0,0,0,61,50,66,0,0,0,0,0,0,79,0,0,0
"54","Aporophyla",0,0,0,0,0,0,0,0,0,0,0,0,0,0,0,0,0,0,0,0,0,0,0,0,0,0,0,0,0,64,0,0,0,0,0,0,0,0,0,0,0,0,0,0,0,0
"55","Apotomis",0,0,0,0,0,0,0,0,0,0,0,0,59,0,0,0,0,0,0,0,0,0,0,0,0,0,0,0,0,91,0,0,0,0,0,0,0,0,0,0,0,0,0,0,0,0
"56","Aptenodytes",0,0,0,0,0,0,0,0,0,0,0,0,0,0,0,0,0,0,0,0,0,0,0,0,0,0,0,0,0,0,0,0,0,97,0,0,0,0,0,0,0,0,0,0,0,0
"57","Aquila",0,0,0,0,0,0,0,0,0,0,0,0,85,0,0,0,0,0,0,0,0,0,0,0,0,0,0,0,0,0,0,0,0,0,0,0,0,0,0,0,0,0,0,0,0,0
"58","Archips",0,0,0,0,0,0,0,0,0,0,0,0,0,0,0,0,0,0,0,0,0,0,0,0,0,0,0,0,0,52,0,0,0,0,0,0,0,0,0,0,0,0,0,0,0,0
"59","Argentina",0,0,63,0,68,56,76,0,57,0,78,78,264,0,83,0,0,0,59,0,0,63,70,0,0,59,74,0,195,339,0,0,0,0,0,0,0,0,0,0,0,0,56,0,0,0
"60","Argyresthia",0,0,0,0,0,0,0,0,0,0,0,0,0,0,0,0,0,0,0,0,0,0,0,0,0,0,0,0,50,67,0,0,0,0,0,0,0,0,0,0,0,0,0,0,0,0
"61","Argyrosomus",0,0,0,0,0,0,0,0,0,0,0,0,53,0,0,0,0,0,0,0,0,0,0,0,0,0,0,0,50,131,0,0,0,0,0,0,0,0,0,0,0,0,0,0,0,0
"62","Arvicanthis",0,0,57,0,55,0,0,0,0,0,62,54,0,0,132,0,0,0,0,0,0,73,57,0,0,73,102,0,0,0,0,0,0,0,52,55,0,0,0,0,0,0,92,0,0,0
"63","Arvicola",0,0,0,0,0,0,0,0,0,0,0,0,0,0,75,0,0,0,0,0,0,0,0,0,0,0,66,0,0,0,0,0,0,0,0,50,0,0,0,0,0,0,0,0,0,0
"64","Ascidia",0,0,3058,2230,5850,3595,3290,1723,3132,3998,3347,921,6109,2006,170,0,0,267,1902,553,1300,799,1263,699,234,1930,1614,0,0,0,2986,1924,6895,5592,3709,2508,4204,1463,639,807,976,1170,102,100,0,0
"65","Asterias",0,0,188,110,242,225,358,277,435,611,1111,1740,3743,1204,3256,4667,4209,55,152,121,920,2069,1639,593,336,3519,4813,432,4473,3938,50,0,142,201,195,249,532,500,194,254,501,1879,7526,4216,496,0
"66","Astyanax",0,0,0,0,66,0,0,69,0,0,0,0,0,0,0,0,0,0,0,0,0,0,0,0,0,0,54,0,0,0,0,0,0,0,0,0,0,0,0,0,0,0,0,0,0,0
"67","Aurelia",0,0,0,0,0,0,0,0,0,0,0,0,0,0,0,0,0,0,0,0,0,68,0,0,0,0,0,0,0,0,0,0,0,0,0,0,0,0,0,0,0,0,0,0,0,0
"68","Autographa",0,0,0,0,0,0,0,0,0,0,0,0,0,0,0,0,0,0,0,0,0,0,0,0,0,0,0,0,0,63,0,0,0,0,0,0,0,0,0,0,0,0,0,0,0,0
"69","Babina",0,0,0,0,0,0,0,0,0,0,0,0,0,0,0,0,0,0,0,0,0,0,0,0,0,0,0,0,0,0,0,0,0,0,0,0,0,0,0,0,95,0,0,0,0,0
"70","Bactrocera",0,0,0,0,0,0,0,0,0,0,0,0,0,0,0,0,0,0,0,0,0,56,0,0,0,0,0,0,0,122,0,0,0,0,0,0,0,0,0,0,0,0,0,0,0,0
"71","Balaenoptera",0,0,74,52,73,0,97,61,7595,121,79,240,281,92,232,0,55,0,0,0,120,64,2923,336,0,203,208,0,141,0,0,0,0,83,0,0,0,0,0,0,0,0,0,0,0,0
"72","Balanococcus",0,0,0,0,0,0,0,0,0,0,0,0,65,0,0,0,0,0,0,0,0,0,0,0,0,0,0,0,0,0,0,0,0,0,0,0,0,0,0,0,0,0,0,0,0,0
"73","Barbatula",0,0,0,0,0,0,0,0,0,0,0,0,0,0,0,0,0,0,0,0,0,0,0,0,0,0,0,0,0,62,0,0,0,0,0,0,0,0,0,0,0,0,0,0,0,0
"74","Barbus",0,0,0,0,0,0,0,0,0,0,0,0,85,0,0,142,0,0,0,0,0,0,0,0,0,0,55,0,59,108,0,0,0,0,0,0,0,0,0,0,0,0,0,0,0,0
"75","Bathymodiolus",0,0,0,0,0,0,63,0,0,0,0,0,0,0,0,0,0,0,0,0,0,0,0,0,0,0,0,0,0,0,0,0,0,0,0,0,0,0,0,0,0,0,0,0,0,0
"76","Belonocnema",0,0,0,0,0,0,0,0,0,0,0,0,0,0,0,0,0,0,0,0,0,0,0,0,0,0,145,0,0,0,0,0,0,0,0,0,0,0,0,0,0,0,0,0,0,0
"77","Bemisia",0,0,0,0,0,0,0,0,0,0,0,0,63,0,55,114,0,0,0,0,0,0,0,0,0,0,56,0,55,308,0,0,0,0,0,0,0,0,0,0,0,0,0,0,0,0
"78","Betta",0,0,0,0,0,0,0,0,0,0,0,0,0,0,0,0,0,0,0,0,0,0,0,0,0,0,0,0,0,97,0,0,0,0,0,0,0,0,0,0,0,0,0,0,0,0
"79","Bibio",0,0,0,0,0,0,0,0,0,0,0,0,0,0,0,86,0,0,0,0,0,0,0,0,0,0,0,0,67,78,0,0,0,0,0,0,0,0,0,0,0,0,0,0,0,0
"80","Bimastos",0,0,52,0,59,0,0,0,0,0,0,64,151,0,93,0,0,0,0,0,0,69,0,0,0,95,72,0,117,369,0,0,0,0,0,63,0,0,0,0,0,0,63,0,0,0
"81","Biomphalaria",0,0,0,0,0,0,0,0,0,0,0,0,107,0,0,124,0,0,0,0,0,0,0,0,0,0,68,0,82,201,0,0,0,0,0,0,0,0,0,0,0,0,0,0,0,0
"82","Biston",0,0,0,0,0,0,0,0,0,0,0,0,0,0,0,0,0,0,0,0,0,0,0,0,0,0,0,0,0,66,0,0,0,0,0,0,0,0,0,0,0,0,0,0,0,0
"83","Blastobasis",0,0,0,0,0,0,0,0,0,0,0,0,0,0,0,0,0,0,0,0,0,0,0,0,0,0,0,0,0,64,0,0,0,0,0,0,0,0,0,0,0,0,0,0,0,0
"84","Boleophthalmus",0,0,90,0,53,0,0,0,0,0,0,51,0,0,0,0,0,0,0,0,0,133,0,0,0,57,100,0,0,0,53,0,54,0,50,51,0,0,0,0,0,0,65,0,0,0
"85","Bombina",0,0,69,0,118,112,0,59,91,89,85,116,0,77,72,0,99,0,87,99,70,109,93,77,0,141,147,0,0,0,81,74,81,108,100,110,75,68,0,0,59,104,171,0,149,0
"86","Bombus",0,0,0,0,0,0,0,0,0,0,0,0,98,0,53,160,0,0,0,0,0,0,0,0,0,56,78,0,76,401,0,0,0,0,0,57,0,0,0,0,0,0,0,0,0,0
"87","Bombyx",0,0,0,0,0,0,0,0,0,0,0,0,0,0,0,0,0,0,0,0,0,0,0,0,0,0,0,0,0,54,0,0,0,0,0,0,0,0,0,0,0,0,0,0,0,0
"88","Boreogadus",0,0,0,0,0,0,0,0,0,0,0,0,0,0,0,65,0,0,0,0,0,0,0,0,0,0,0,0,0,0,0,0,0,0,0,0,0,0,0,0,0,0,0,0,0,0
"89","Borostomias",0,0,67,0,103,0,0,0,0,0,0,51,268,0,122,0,55,0,0,0,0,105,0,0,0,67,112,0,192,433,0,0,0,0,0,0,0,0,0,0,0,0,69,0,0,0
"90","Bos",0,0,0,0,0,0,0,0,0,0,0,0,165,0,0,0,0,0,0,0,55,0,0,0,0,0,0,0,0,0,0,0,0,0,0,0,0,0,0,0,0,0,0,0,0,0
"91","Botryllus",0,0,98,59,178,0,68,0,0,0,60,0,60,0,0,0,0,0,69,0,0,0,0,0,0,0,0,0,0,0,77,61,105,114,52,83,95,0,0,0,0,0,122,59,0,0
"92","Brachyptera",0,0,0,0,0,0,0,0,0,0,0,0,0,0,0,57,0,0,0,0,0,0,0,0,0,0,77,0,0,67,0,0,0,0,0,0,0,0,0,0,0,0,0,0,0,0
"93","Brachypterus",0,0,0,0,0,0,0,0,0,0,0,0,85,0,0,0,0,0,0,0,0,0,0,0,0,0,0,0,50,59,0,0,0,0,0,0,0,0,0,0,0,0,0,0,0,0
"94","Bradysia",0,0,0,0,0,0,0,0,0,0,0,0,0,0,0,0,0,0,0,0,0,0,0,0,0,0,0,0,0,56,0,0,0,0,0,0,0,0,0,0,0,0,0,0,0,0
"95","Branchellion",0,0,88,131,94,0,0,0,55,52,64,90,341,56,170,0,93,0,0,0,93,148,74,115,0,157,216,0,333,894,0,0,0,0,0,0,0,68,0,0,0,0,93,94,0,0
"96","Branchiostoma",0,0,0,0,72,0,0,0,0,0,0,0,55,0,0,55,0,0,0,0,0,0,0,0,0,0,0,0,0,120,0,0,0,0,0,0,0,0,0,0,0,0,0,0,0,0
"97","Brenthis",0,0,0,0,0,0,0,0,0,0,0,0,50,0,0,0,0,0,0,0,0,0,0,0,0,0,0,0,0,52,0,0,0,0,0,0,0,0,0,0,0,0,0,0,0,0
"98","Bruchidius",0,0,0,0,0,0,0,0,0,0,0,0,0,0,0,0,0,0,0,0,0,0,0,0,0,0,0,0,0,67,0,0,0,0,0,0,0,0,0,0,0,0,0,0,0,0
"99","Bufo",0,0,0,0,0,0,0,0,0,0,0,0,0,0,52,0,0,0,0,0,60,67,0,0,0,62,94,0,0,0,0,0,0,0,0,0,0,0,0,0,0,0,0,0,0,0
"100","Bugulina",0,0,0,0,0,0,0,0,0,0,0,0,60,0,0,86,0,0,0,0,0,0,0,0,0,0,0,0,0,112,0,0,0,0,0,0,0,0,0,0,0,0,0,0,0,0
"101","Cabera",0,0,0,0,0,0,0,0,0,0,0,0,0,0,0,0,0,0,0,0,0,0,0,0,0,0,0,0,0,93,0,0,0,0,0,0,0,0,0,0,0,0,0,0,0,0
"102","Caenorhabditis",0,0,0,0,0,53,0,0,0,0,0,65,137,0,96,137,50,0,0,0,58,54,0,0,0,63,90,0,101,310,0,0,0,55,0,0,0,0,0,0,0,0,55,0,0,0
"103","Calamotropha",0,0,0,0,0,0,0,0,0,0,0,0,0,0,0,0,0,0,0,0,0,0,0,0,0,0,0,0,0,56,0,0,0,0,0,0,0,0,0,0,0,0,0,0,0,0
"104","Caligus",0,0,0,0,0,0,0,0,0,0,71,0,143,2890,0,0,158,0,0,0,0,0,0,133,0,109,0,0,0,0,0,0,0,0,0,0,0,0,0,0,0,0,0,0,1316,0
"105","Callithrix",0,0,0,0,0,0,0,0,0,0,0,0,0,0,58,0,0,0,0,0,0,0,0,0,0,0,0,0,0,0,0,0,0,0,0,0,0,0,0,0,0,0,50,0,0,0
"106","Callorhinchus",0,0,0,0,0,0,0,0,0,0,0,0,0,0,0,0,0,0,0,0,0,0,0,0,0,0,0,0,0,0,0,0,0,0,0,0,0,0,0,0,0,0,0,0,50,0
"107","Callorhinus",0,0,0,0,0,0,0,0,0,0,0,0,0,0,0,0,0,0,0,0,0,88,0,0,0,0,0,0,0,0,0,0,0,0,0,0,0,0,0,0,0,0,0,0,0,0
"108","Canis",0,0,0,0,0,0,0,0,0,0,0,52,601,0,74,737,0,0,0,0,0,0,0,0,0,0,75,0,382,227,0,0,0,0,0,0,51,0,0,0,0,0,0,0,7933,0
"109","Cantharis",0,0,0,0,0,0,0,0,0,0,0,0,0,0,0,0,0,0,0,0,0,0,0,0,0,0,0,0,0,74,0,0,0,0,0,0,82,0,0,0,0,0,0,0,0,0
"110","Capitulum",0,0,0,0,0,0,0,0,0,0,0,0,0,0,0,0,0,0,0,0,0,0,0,0,0,0,0,0,0,101,0,0,0,0,0,0,0,0,0,0,134,0,94,0,0,0
"111","Caprimulgus",0,0,0,0,0,0,0,0,0,0,0,0,93,0,0,90,0,0,0,0,0,0,0,0,0,0,0,0,0,84,0,0,0,0,0,0,0,0,0,0,0,0,0,0,0,0
"112","Carassius",0,0,0,0,53,60,0,0,0,0,0,66,0,0,0,0,0,0,0,0,0,70,0,0,0,59,91,0,0,0,0,0,0,0,0,57,0,0,0,0,0,0,78,0,0,0
"113","Carcharodon",0,0,114,0,0,0,133,83,75,63,110,525,0,88,0,0,0,0,0,73,146,129,441,93,0,81,111,0,0,0,69,0,0,0,0,193,0,0,0,0,0,51,119,0,0,0
"114","Catharus",0,0,0,0,0,0,0,0,0,0,0,0,0,0,0,0,0,0,0,0,0,0,0,0,0,0,0,0,0,0,0,0,0,0,0,0,57,0,0,0,0,0,0,0,0,0
"115","Centropristis",0,0,0,0,91,0,0,0,0,0,0,0,0,0,0,0,0,0,0,0,0,0,0,0,0,0,0,0,0,0,0,0,0,0,0,0,0,0,0,0,0,0,0,0,0,0
"116","Cephus",0,0,0,0,0,0,0,0,0,0,0,0,124,0,0,142,0,0,0,0,0,0,0,0,0,0,0,0,100,95,0,0,0,0,0,0,0,0,0,0,0,0,0,0,0,0
"117","Cerastoderma",0,0,0,0,0,0,57,0,0,0,65,171,301,0,166,0,62,0,0,0,0,479,57,0,0,112,161,0,283,200,0,0,0,0,0,51,50,0,0,0,78,231,1160,1327,0,0
"118","Ceratitis",0,0,0,0,0,0,0,0,0,0,0,0,0,0,0,60,0,0,0,0,0,0,0,0,0,0,0,0,70,52,0,0,0,0,0,0,0,0,0,0,0,0,0,0,0,0
"119","Ceratosolen",0,0,0,0,0,0,0,0,0,0,0,0,61,0,0,93,0,0,0,0,0,0,0,0,0,0,0,0,70,165,0,0,0,0,0,0,0,0,0,0,0,0,0,0,0,0
"120","Cervus",0,0,0,0,0,0,0,0,0,0,0,0,59,0,0,140,0,0,0,0,0,0,0,0,0,0,0,0,0,60,0,0,0,0,0,0,0,0,0,0,0,0,0,0,0,0
"121","Chalcis",0,0,0,0,0,0,0,0,0,0,0,0,70,0,0,0,0,0,0,0,0,0,0,0,0,0,0,0,73,82,0,0,0,0,0,0,0,0,0,0,0,0,0,0,0,0
"122","Chanos",0,0,0,0,0,0,0,0,0,0,0,0,141,0,66,0,0,0,0,0,0,0,0,0,0,0,52,0,116,189,0,0,0,0,0,0,0,0,0,0,0,0,0,0,0,0
"123","Charanyca",0,0,0,0,0,0,0,0,0,0,0,0,0,0,0,0,0,0,0,0,0,0,0,0,0,0,0,0,0,68,0,0,0,0,0,0,0,0,0,0,0,0,0,0,0,0
"124","Cheilosia",0,0,0,0,0,0,0,0,0,0,0,0,0,0,0,0,0,0,0,0,0,0,0,0,0,0,0,0,55,91,0,0,0,0,0,0,0,0,0,0,0,0,0,0,0,0
"125","Cherax",0,0,374,192,271,202,196,118,164,162,226,290,1120,173,574,1301,208,189,168,146,198,418,237,220,0,381,514,73,854,1960,244,146,212,222,226,237,125,111,57,95,102,139,356,0,407,56
"126","Chionomys",0,0,0,0,0,0,0,0,0,0,0,0,56,0,69,0,0,0,0,0,0,0,0,0,0,0,68,0,66,97,0,0,0,0,0,0,0,0,0,0,0,0,0,0,0,0
"127","Chondrosia",0,0,0,0,0,0,0,0,0,0,0,0,0,0,0,0,0,0,0,0,0,0,0,0,0,0,0,0,0,83,0,0,0,0,0,0,0,0,0,0,0,0,0,0,0,0
"128","Chrysolina",0,0,73,0,78,90,0,52,62,60,114,146,246,0,137,123,0,0,67,62,58,84,60,0,0,104,138,0,199,422,0,0,50,77,59,106,59,0,0,0,0,55,98,0,0,0
"129","Chrysoperla",0,0,0,0,0,0,0,0,0,0,0,0,0,0,0,0,0,0,0,0,0,0,0,0,0,0,0,0,0,62,0,0,0,0,0,0,0,0,0,0,0,0,0,0,0,0
"130","Cimex",0,0,0,0,0,0,0,0,0,0,0,0,0,0,0,79,0,0,0,0,0,0,0,0,0,0,0,0,0,0,0,0,0,0,0,0,0,0,0,0,0,0,0,0,0,0
"131","Ciona",0,0,154,178,197,252,328,201,207,301,964,1321,683,180,317,189,0,0,65,54,121,562,156,82,0,320,318,0,0,0,0,0,196,292,134,114,97,87,0,51,0,820,1934,1961,0,0
"132","Clavelina",0,0,0,0,0,0,0,0,0,0,0,0,69,109,0,0,0,0,0,0,0,0,0,0,0,0,73,0,0,77,0,67,63,70,0,60,0,0,0,0,0,0,99,0,0,0
"133","Clupea",0,0,940,695,3495,2581,5360,5769,15515,26302,37118,37991,10758,49771,75859,11033,7905,238,1888,2002,22760,13294,19866,8121,10777,63990,97770,4937,4916,3955,305,249,740,1797,1459,2233,6110,4291,2447,4787,10573,3970,25000,6404,5553,0
"134","Coelioxys",0,0,0,0,0,0,0,0,0,0,0,0,0,0,0,0,0,0,0,0,0,0,0,0,0,0,0,0,0,104,0,0,0,0,0,0,0,0,0,0,0,0,0,0,0,0
"135","Coelopa",0,0,0,0,0,0,0,0,0,0,0,0,0,0,0,0,0,0,0,0,0,0,0,0,0,0,0,0,0,104,0,0,0,0,0,0,0,0,0,0,0,0,0,0,0,0
"136","Coleophora",0,0,0,0,0,0,0,0,0,0,0,0,65,0,0,74,0,0,0,0,0,0,0,0,0,0,55,0,55,128,0,0,0,0,0,0,0,0,0,0,0,0,0,0,0,0
"137","Colletes",0,0,0,0,0,0,0,0,0,0,0,0,0,0,0,0,0,0,0,0,0,0,0,0,0,0,0,0,0,62,0,0,0,0,0,0,0,0,0,0,0,0,0,0,0,0
"138","Condylostylus",0,0,0,0,0,0,0,0,0,0,0,0,78,0,60,99,0,0,0,0,0,0,0,0,0,0,95,0,74,85,0,0,0,0,0,0,0,0,0,0,0,0,0,0,0,0
"139","Conomelus",0,0,0,0,0,0,0,0,0,0,0,0,55,0,0,0,0,0,0,0,0,0,0,0,0,0,0,0,0,0,0,0,0,0,0,0,0,0,0,0,0,0,0,0,0,0
"140","Conops",0,0,0,0,0,0,0,0,0,0,0,0,0,0,0,0,0,0,0,0,0,0,0,0,0,0,0,0,70,112,0,0,0,0,0,0,0,0,0,0,0,0,0,0,0,0
"141","Coregonus",0,0,113,0,100,96,68,0,60,70,88,142,230,51,165,0,102,0,52,56,56,124,98,79,0,140,202,0,178,418,66,0,55,58,82,70,0,97,0,0,0,54,141,0,73,0
"142","Corythucha",0,0,0,0,0,0,0,0,0,0,0,0,0,0,0,864,0,0,0,0,0,0,0,0,0,0,0,0,0,0,0,0,0,0,0,0,0,0,0,0,0,0,0,0,0,0
"143","Cosmia",0,0,0,0,0,0,0,0,0,0,0,0,0,0,0,0,0,0,0,0,0,0,0,0,0,0,0,0,0,67,0,0,0,0,0,0,0,0,0,0,0,0,0,0,0,0
"144","Cotesia",0,0,0,0,0,0,0,0,0,0,0,0,0,0,0,54,0,0,0,0,0,0,0,0,0,0,0,0,0,0,0,0,0,0,0,0,0,0,0,0,0,0,0,0,0,0
"145","Cottoperca",0,0,0,0,0,0,0,0,0,0,0,0,152,0,57,0,0,0,0,0,0,0,0,0,0,87,51,0,78,208,0,0,0,0,0,0,0,0,0,0,0,0,52,0,0,0
"146","Crambus",0,0,0,0,0,0,0,0,0,0,0,0,0,0,0,0,0,0,0,0,0,0,0,0,0,0,136,0,0,128,0,0,0,0,0,0,0,0,0,0,0,0,0,0,0,0
"147","Crassostrea",0,0,0,0,52,53,51,0,0,0,50,50,156,0,113,164,0,0,0,0,0,53,0,0,0,58,94,0,134,182,0,0,0,0,0,0,0,0,0,0,0,0,86,0,0,0
"148","Cricetulus",0,0,59,0,60,75,68,0,0,0,0,52,0,0,105,0,0,0,0,0,0,56,0,0,0,66,90,0,0,0,0,0,0,50,0,57,0,0,0,0,0,0,57,0,0,0
"149","Cryptosula",0,0,0,0,50,0,54,0,0,0,57,76,234,0,114,187,0,0,75,0,67,124,136,65,0,95,138,0,119,447,0,0,0,75,62,72,0,0,0,0,50,0,82,0,0,0
"150","Ctenicera",0,0,0,0,0,0,0,0,0,0,0,0,0,0,0,0,0,0,0,0,0,0,0,0,0,0,0,0,0,104,0,0,0,0,0,0,0,0,0,0,0,0,0,0,0,0
"151","Ctenocephalides",0,0,0,0,0,0,0,0,0,0,0,0,0,0,0,58,0,0,0,0,0,0,0,0,0,0,0,0,0,0,0,0,0,0,0,0,0,0,0,0,0,0,0,0,0,0
"152","Ctenopharyngodon",0,0,0,0,0,0,0,0,0,0,0,0,0,0,0,0,0,0,0,0,0,0,0,0,0,0,0,0,0,0,0,0,0,0,0,0,0,0,0,0,0,0,0,0,101,0
"153","Culex",0,0,58,52,65,83,77,55,68,76,79,109,338,66,183,309,66,54,0,0,52,209,91,0,0,128,230,0,159,713,0,0,0,63,63,0,60,0,0,0,0,67,94,0,0,0
"154","Culicoides",0,0,0,0,0,0,67,0,0,0,0,0,0,0,0,0,0,0,0,0,0,0,0,0,0,0,0,0,0,0,0,0,0,0,0,0,0,0,0,0,0,0,0,0,0,0
"155","Cyclopterus",0,0,0,0,0,0,0,0,0,62,136,277,0,105,175,0,129,0,0,0,73,284,128,79,0,108,112,0,0,0,0,0,0,0,0,52,0,0,0,0,0,59,242,223,73,0
"156","Cydia",0,0,0,0,0,0,0,0,0,0,0,0,54,0,51,0,0,0,0,0,0,0,0,0,0,0,0,0,0,214,0,0,0,0,0,0,0,0,0,0,0,0,0,0,0,0
"157","Cyprideis",0,0,570,552,263,529,323,274,208,115,240,269,375,340,2261,354,90,826,527,318,348,193,253,131,0,221,247,0,741,398,1251,794,241,1174,414,358,183,333,74,1071,1619,385,391,616,253,84
"158","Cyprinodon",0,0,0,0,0,0,0,0,0,0,0,59,0,0,0,0,0,0,0,0,0,0,0,0,0,0,0,0,0,0,0,0,0,0,0,0,0,0,0,0,0,0,0,0,0,0
"159","Cyprinus",0,0,0,0,0,0,0,0,0,0,0,50,143,0,73,142,0,0,0,0,0,60,0,0,0,54,83,0,78,105,0,0,0,0,0,0,0,0,0,0,0,0,53,0,0,0
"160","Danio",0,0,106,101,282,184,147,73,106,93,145,170,633,101,344,770,111,98,86,110,120,205,133,151,0,221,323,53,612,1002,89,69,63,108,111,126,85,106,0,66,66,91,226,0,112,0
"161","Daphnia",0,0,0,0,0,0,0,0,0,0,0,0,0,0,0,0,0,0,0,0,441,0,0,0,0,0,0,0,0,61,0,0,0,0,0,0,0,0,0,0,0,0,0,0,0,0
"162","Darwinula",0,0,69,0,100,0,103,0,0,0,0,0,83,64,67,81,0,84,119,114,62,0,0,0,0,0,57,0,90,196,59,0,76,82,138,146,0,0,0,0,0,108,74,0,52,0
"163","Dasypus",0,0,0,0,0,0,0,0,0,0,0,0,0,0,0,0,0,0,0,0,0,68,0,0,0,0,0,0,0,0,0,0,0,0,0,0,0,0,0,0,0,0,0,0,0,0
"164","Dendrodoa",0,0,0,0,0,0,0,0,0,0,0,0,0,0,0,0,0,0,0,0,0,0,0,0,0,0,0,0,0,0,0,0,0,0,0,0,0,0,0,0,0,0,71,0,0,0
"165","Dendronephthya",0,0,0,0,0,0,0,0,0,0,0,0,64,0,0,76,0,0,0,0,0,0,56,0,0,0,0,0,0,67,0,0,0,0,0,0,0,0,0,0,0,0,0,0,0,0
"166","Denticeps",0,0,0,0,0,0,0,0,0,0,0,0,50,0,0,0,0,0,0,0,0,0,0,0,0,0,0,0,0,150,0,0,0,0,0,0,0,0,0,0,0,0,0,0,0,0
"167","Dermacentor",0,0,112,0,131,0,0,0,51,0,64,81,229,0,118,261,52,0,72,0,70,82,72,0,0,117,135,0,191,581,105,50,52,80,0,108,0,0,0,0,0,0,117,0,0,0
"168","Diabrotica",0,0,0,0,0,0,0,0,0,0,0,0,86,0,59,91,0,0,0,0,0,0,0,0,0,0,54,0,67,114,0,0,0,0,0,0,0,0,0,0,0,0,0,0,0,0
"169","Diadumene",0,0,0,0,0,0,0,0,0,0,0,0,66,0,0,100,0,0,0,0,0,0,0,0,0,0,61,0,70,122,0,0,0,0,0,0,0,0,0,0,0,0,0,0,0,0
"170","Diaphorina",0,0,0,0,0,0,0,0,0,0,0,0,98,0,52,251,0,0,0,0,0,0,0,0,0,0,56,0,91,112,0,0,0,0,0,0,0,0,0,0,0,0,0,0,0,0
"171","Diarsia",0,0,0,0,0,0,0,0,0,0,0,0,124,0,0,0,0,0,0,0,0,0,0,0,0,0,59,0,150,99,0,0,0,0,0,0,0,0,0,0,0,0,0,0,0,0
"172","Dilophus",0,0,0,0,0,0,0,0,0,0,0,0,0,0,0,0,0,0,0,0,0,0,0,0,0,0,0,0,51,51,0,0,0,0,0,0,0,0,0,0,0,0,0,0,0,0
"173","Dipodomys",0,0,89,0,92,0,0,0,54,50,73,76,0,0,169,0,59,56,0,0,0,86,67,0,0,83,133,0,0,0,79,0,0,0,0,63,0,0,0,0,0,0,103,0,0,0
"174","Dolichovespula",0,0,60,0,75,50,0,0,0,0,71,94,314,0,142,421,106,0,0,0,0,102,76,55,0,106,169,0,299,499,0,0,0,0,0,110,0,0,0,0,0,0,104,170,0,0
"175","Doryrhamphus",0,0,0,0,0,0,0,0,0,0,0,0,0,0,0,0,0,0,0,0,0,51,0,0,0,63,0,0,0,0,0,0,0,0,0,0,0,0,0,0,0,0,0,0,0,0
"176","Dreissena",0,0,55,0,78,0,69,0,0,74,67,108,374,62,166,325,60,0,0,60,73,261,77,53,0,123,219,0,308,401,57,0,0,60,77,131,57,0,0,0,114,68,257,0,0,0
"177","Dromiciops",0,0,57,0,91,87,0,0,53,0,0,83,0,0,134,0,0,0,0,62,58,97,69,0,0,85,100,0,0,0,0,0,51,68,0,58,53,0,0,0,0,60,91,0,0,0
"178","Drosophila",0,0,68,0,0,0,0,0,74,67,52,93,126,0,0,143,0,0,66,0,85,114,0,91,0,124,140,0,99,302,71,50,0,0,0,170,0,130,62,0,67,96,125,0,62,51
"179","Drymonia",0,0,0,0,0,0,0,0,0,0,0,0,0,0,0,0,0,0,0,0,0,0,0,0,0,0,0,0,0,51,0,0,0,0,0,0,0,0,0,0,0,0,0,0,0,0
"180","Dryobota",0,0,0,0,0,0,0,0,0,0,0,0,0,0,0,0,0,0,0,0,0,0,0,0,0,0,0,0,0,50,0,0,0,0,0,0,0,0,0,0,0,0,0,0,0,0
"181","Dufourea",0,0,0,0,0,0,0,0,0,0,0,0,0,0,0,0,0,0,0,0,0,0,0,0,0,0,0,0,0,563,0,0,0,0,0,0,0,0,0,0,0,0,0,0,0,0
"182","Ecdyonurus",0,0,0,0,80,0,0,0,0,0,0,0,125,0,67,0,0,0,0,0,0,0,0,0,0,0,64,0,128,160,0,0,0,0,0,0,0,0,0,0,0,0,0,0,0,0
"183","Echeneis",0,0,0,0,0,0,0,0,0,0,0,0,0,0,0,0,0,0,0,0,0,0,0,0,0,0,0,0,0,56,0,0,0,0,0,0,0,0,0,0,0,0,0,0,0,0
"184","Ectemnius",0,0,0,0,0,0,0,0,0,0,0,0,0,0,0,0,0,0,0,0,0,0,0,0,0,0,0,0,0,106,0,0,0,0,0,0,0,0,0,0,0,0,0,0,0,0
"185","Egretta",0,0,0,0,0,0,0,0,0,0,0,0,0,0,0,0,0,0,0,0,0,0,0,0,0,0,0,0,0,0,0,0,0,50,0,0,0,0,0,0,0,0,0,0,0,0
"186","Eilema",0,0,0,0,0,0,0,0,0,0,0,0,67,0,60,85,0,0,0,0,0,0,0,0,0,0,0,0,56,133,0,0,0,0,0,0,0,0,0,0,0,0,0,0,0,0
"187","Electra",0,0,0,0,0,0,0,0,0,0,0,0,50,0,0,0,0,0,0,0,0,0,0,0,0,0,0,0,0,0,0,0,0,0,0,0,0,0,0,0,0,0,0,0,0,0
"188","Electrona",0,0,87,0,51,0,0,0,0,0,0,0,170,0,82,0,0,0,0,62,0,66,0,0,0,87,71,0,172,427,0,0,0,0,0,0,0,0,0,0,0,0,60,0,0,0
"189","Empis",0,0,0,0,0,0,0,0,0,0,0,0,56,0,0,0,0,0,0,0,0,0,0,0,0,0,0,0,0,0,0,0,0,0,0,0,0,0,0,0,0,0,0,0,0,0
"190","Ennomos",0,0,0,0,0,0,0,0,0,0,0,0,0,0,0,0,0,0,0,0,0,0,0,0,0,0,0,0,0,83,0,0,0,0,0,0,0,0,0,0,0,0,0,0,0,0
"191","Epinephelus",0,0,0,0,0,0,0,0,0,0,0,0,58,0,0,0,0,0,0,0,0,0,0,0,0,0,0,0,0,58,0,0,0,0,0,0,0,0,0,0,0,0,0,0,0,0
"192","Epinotia",0,0,0,0,0,0,0,0,0,0,0,0,0,0,0,0,0,0,0,0,0,0,0,0,0,0,50,0,0,90,0,0,0,0,0,0,0,0,0,0,0,0,0,0,0,0
"193","Episyrphus",0,0,0,0,0,0,0,0,0,0,0,0,75,0,54,64,0,0,0,0,0,0,0,0,0,0,58,0,51,79,0,0,0,0,0,0,0,0,0,0,0,0,0,0,0,0
"194","Eptesicus",0,0,0,0,0,0,0,0,0,0,0,63,71,0,81,0,0,0,0,0,0,0,0,0,0,0,50,0,51,73,0,0,0,0,0,0,0,0,0,0,0,0,54,0,0,0
"195","Erebia",0,0,0,0,0,0,0,0,0,0,0,0,51,0,0,0,0,0,0,0,0,0,0,0,0,0,0,0,0,65,0,0,0,0,0,0,0,0,0,0,0,0,0,0,0,0
"196","Erinaceus",0,0,52,0,74,0,0,0,0,0,52,82,78,0,100,0,0,0,0,0,51,76,0,0,0,64,101,0,59,88,0,0,0,0,0,0,0,0,0,0,0,52,78,0,0,0
"197","Eriocheir",0,0,134,96,204,166,123,66,94,134,184,223,821,115,374,1076,176,93,101,78,185,247,212,155,0,253,315,71,682,1049,101,68,101,106,141,156,96,177,0,88,67,95,288,0,78,0
"198","Eristalinus",0,0,0,0,0,0,0,0,0,0,0,0,0,0,0,0,0,0,0,0,0,0,0,0,0,0,0,0,0,137,0,0,0,0,0,0,0,0,0,0,0,0,0,0,0,0
"199","Eristalis",0,0,0,0,0,0,0,0,0,0,0,0,55,0,0,82,0,0,0,0,0,0,0,0,0,0,0,0,53,142,0,0,0,0,0,0,0,0,0,0,0,0,50,0,0,0
"200","Erithacus",0,0,0,0,0,0,0,0,0,0,0,0,62,0,0,0,0,0,0,0,0,0,0,0,0,0,0,0,52,187,0,0,0,0,0,0,0,0,0,0,0,0,0,0,0,0
"201","Esperia",0,0,0,0,0,0,0,0,0,0,0,0,0,0,0,0,0,0,0,0,0,0,0,0,0,0,0,0,0,54,0,0,0,0,0,0,0,0,0,0,0,0,0,0,0,0
"202","Eublepharis",0,0,0,0,57,0,0,0,0,0,0,0,0,0,0,0,0,0,0,0,0,0,0,0,0,0,63,0,0,0,0,0,0,0,0,0,0,0,0,0,0,0,0,0,0,0
"203","Eudonia",0,0,0,0,0,0,0,0,0,0,0,0,52,0,0,0,0,0,0,0,0,0,0,0,0,0,0,0,0,97,0,0,0,0,0,0,0,0,0,0,0,0,0,0,0,0
"204","Eufriesea",0,0,0,0,0,0,0,0,0,0,0,0,0,0,0,0,0,0,0,0,0,0,0,0,0,0,0,0,0,263,0,0,0,0,0,0,0,0,0,0,0,0,0,0,0,0
"205","Euleptes",0,0,0,0,0,0,0,0,0,0,0,62,0,0,62,0,65,0,0,0,0,55,0,0,0,54,0,0,0,0,0,0,0,0,0,0,0,0,0,0,0,0,87,0,0,0
"206","Eupeodes",0,0,0,0,0,0,0,0,0,0,0,0,0,0,0,54,0,0,0,0,0,0,0,0,0,0,0,0,0,71,0,0,0,0,0,0,0,0,0,0,0,0,0,0,0,0
"207","Eupithecia",0,0,0,0,59,0,0,0,0,0,0,66,145,0,67,78,0,0,0,0,0,64,54,0,0,67,103,0,120,318,0,0,0,0,66,0,0,0,0,0,0,0,93,0,0,0
"208","Eurytemora",0,0,0,0,78,0,94,50,0,55,139,89,289,0,208,247,0,0,0,53,56,126,0,0,0,104,179,0,123,895,0,0,0,83,0,0,0,0,0,0,0,0,60,0,0,0
"209","Exephanes",0,0,0,0,0,0,0,0,0,0,0,0,53,0,51,0,0,0,0,0,0,0,0,0,0,0,78,0,0,615,0,0,0,0,0,0,0,0,0,0,0,0,0,0,0,0
"210","Felis",0,0,0,0,0,0,0,0,0,0,0,0,82,0,0,0,0,0,0,0,0,0,0,0,0,0,0,0,51,51,0,0,0,0,0,0,0,0,0,0,0,0,0,0,0,0
"211","Fissipunctia",0,0,0,0,0,0,0,0,0,0,0,0,0,0,0,0,0,0,0,0,0,0,0,0,0,0,0,0,0,53,0,0,0,0,0,0,0,0,0,0,0,0,0,0,0,0
"212","Flustra",0,0,0,0,0,0,0,0,0,0,0,0,127,0,134,329,88,0,0,0,0,0,62,0,0,55,56,0,201,259,0,0,0,0,0,0,0,0,0,0,0,0,59,77,72,0
"213","Flustrellidra",0,0,0,0,0,0,0,0,0,0,0,0,71,0,0,0,0,0,0,0,0,0,0,0,0,0,0,0,0,0,0,0,0,0,0,0,0,0,0,0,52,59,183,141,0,0
"214","Fragum",0,0,69,0,58,0,0,0,0,0,50,69,129,0,98,102,0,0,0,0,0,0,53,0,0,58,115,0,155,166,0,0,0,0,0,0,0,0,0,0,0,0,0,0,0,0
"215","Frankliniella",0,0,0,0,0,0,0,0,0,0,0,0,74,0,0,60,0,0,0,0,0,0,0,0,0,0,0,0,0,464,0,0,0,0,0,0,0,0,0,0,0,0,0,0,0,0
"216","Fulmarus",0,0,0,0,0,0,0,0,0,0,0,0,0,0,0,0,0,0,0,0,0,0,0,0,0,0,0,0,0,0,0,0,0,119,0,0,0,0,0,0,0,0,0,0,0,0
"217","Furcula",0,0,0,0,0,0,0,0,0,0,0,0,0,0,0,0,0,0,0,0,0,0,0,0,0,0,0,0,0,99,0,0,0,0,0,0,0,0,0,0,0,0,0,0,0,0
"218","Gadus",0,0,169,68,196,177,197,149,234,264,454,755,2695,895,2539,0,953,74,103,119,377,2165,643,281,57,581,906,74,998,1084,62,0,100,115,126,133,140,175,51,78,220,179,459,371,210,98
"219","Gallus",0,0,0,63,61,0,131,74,0,152,104,206,440,77,0,401,368,54,98,0,227,0,493,193,0,0,258,0,339,167,0,0,83,74,63,54,0,320,0,0,144,56,0,0,364,0
"220","Gari",0,0,110,0,97,80,129,79,224,267,310,468,1736,280,958,1429,151,0,0,115,488,401,610,555,111,547,1123,65,2092,2886,0,0,95,77,63,93,110,88,0,154,266,193,881,508,0,0
"221","Gasterosteus",0,0,0,0,0,0,0,0,0,0,0,0,65,0,0,134,0,0,0,0,0,0,0,0,0,0,0,0,0,0,0,0,0,0,0,0,0,0,0,0,0,0,0,0,0,0
"222","Gavia",0,0,0,58,108,0,0,0,0,0,0,0,0,78,121,0,0,0,0,0,0,74,0,0,0,50,0,0,0,0,125,0,177,31610,155,152,267,0,77,0,96,0,261,0,89,0
"223","Gerris",0,0,0,0,0,0,0,0,0,0,0,0,0,0,0,0,0,0,0,0,0,0,0,0,0,0,0,0,0,64,0,0,0,0,0,0,0,0,0,0,0,0,0,0,0,0
"224","Gibbula",0,0,0,0,0,0,0,0,0,0,0,65,168,57,147,239,76,0,0,0,0,67,77,0,0,157,226,0,462,557,0,0,81,268,191,120,132,79,59,104,0,0,189,0,0,0
"225","Gigantopelta",0,0,0,0,70,0,0,0,0,0,55,63,248,0,118,276,60,0,0,0,0,109,57,0,0,66,99,0,161,297,0,0,0,0,69,0,0,50,0,0,0,0,101,0,0,0
"226","Glyphotaelius",0,0,0,0,0,0,0,0,0,0,0,0,0,0,0,68,0,0,0,0,0,0,0,0,0,0,0,0,0,157,0,0,0,0,0,0,0,0,0,0,0,0,0,0,0,0
"227","Gobio",0,0,0,0,51,0,0,0,0,0,0,0,116,0,52,0,0,0,0,0,0,0,0,0,0,0,75,0,98,200,0,0,0,0,0,0,0,0,0,0,0,0,0,0,0,0
"228","Gobius",0,0,0,0,0,0,0,0,0,0,0,65,192,0,95,0,0,0,0,0,0,58,0,0,0,56,75,0,114,370,50,0,0,0,0,0,0,0,0,0,0,0,67,0,0,0
"229","Gordionus",0,0,0,0,0,0,0,0,0,0,0,0,50,0,0,0,0,0,0,0,0,0,0,0,0,0,0,0,0,0,0,0,0,0,0,0,0,0,0,0,0,0,0,0,0,0
"230","Gouania",0,0,0,0,0,0,0,0,0,0,0,0,98,0,51,0,0,0,0,0,0,52,0,0,0,0,54,0,90,128,0,0,0,0,0,0,0,0,0,0,0,0,0,0,0,0
"231","Gracilinanus",0,0,0,0,65,0,0,0,0,61,55,88,0,0,125,0,0,0,0,0,0,85,71,0,0,65,113,0,0,0,0,0,0,0,50,72,0,0,0,0,0,0,89,0,0,0
"232","Grammomys",0,0,0,0,53,0,0,0,0,0,0,58,0,0,83,0,0,0,0,0,0,59,0,0,0,0,97,0,0,0,0,0,0,0,0,0,0,0,0,0,0,0,60,0,0,0
"233","Grus",0,0,0,0,0,0,0,0,0,0,0,0,0,0,0,0,0,0,0,0,0,0,0,0,0,0,0,0,0,0,0,0,0,64,0,0,0,0,0,0,0,0,0,0,0,0
"234","Gymnodraco",0,0,0,0,0,53,0,0,0,0,0,0,0,0,0,0,0,0,0,0,0,0,0,0,0,0,0,0,0,0,0,0,0,0,0,0,0,0,0,0,0,0,0,0,0,0
"235","Gymnogyps",0,0,0,0,0,0,0,0,0,0,0,0,0,0,0,0,0,0,0,0,0,0,0,0,0,0,0,0,0,0,0,0,0,151,0,0,0,0,0,0,0,0,0,0,0,0
"236","Habrosyne",0,0,0,0,0,0,0,0,0,0,0,0,0,0,0,0,0,0,0,0,0,0,0,0,0,0,0,0,0,139,0,0,0,0,0,0,0,0,0,0,0,0,0,0,0,0
"237","Haliaeetus",0,0,0,0,0,0,0,0,0,0,0,0,60,0,0,0,0,0,0,0,0,0,0,0,0,0,0,0,0,88,0,0,0,0,0,0,0,0,0,0,0,0,0,0,0,0
"238","Halichoerus",0,0,0,0,55,50,90,80,126,128,282,257,96,356,319,247,64,0,0,0,336,11561,271,185,0,221,488,0,0,0,0,0,0,83,111,105,72,78,0,0,143,0,158,201,165,0
"239","Haliclystus",0,0,0,0,0,0,0,0,0,0,0,0,0,0,0,0,0,0,0,0,0,0,0,0,0,0,0,0,55,51,0,0,0,0,0,0,0,0,0,0,0,0,0,0,0,0
"240","Haliotis",0,0,92,54,177,0,61,0,0,0,68,90,223,0,130,259,72,64,0,0,68,96,67,0,0,82,128,0,202,935,70,50,62,66,0,77,0,0,0,0,0,53,90,0,82,0
"241","Halyomorpha",0,0,0,0,0,0,0,0,0,0,0,0,0,0,0,0,0,0,0,0,68,0,0,0,0,0,0,0,0,0,0,0,0,0,0,0,0,0,0,0,0,0,0,0,0,0
"242","Harmothoe",0,0,83,54,164,77,231,118,304,333,558,622,1373,305,605,0,127,0,93,115,454,480,454,256,96,622,833,91,1301,1077,0,0,0,65,0,73,102,69,0,73,82,353,882,642,0,0
"243","Harpalus",0,0,0,0,0,0,0,0,0,0,0,0,0,0,0,0,0,0,0,0,0,0,0,0,0,0,0,0,0,65,0,0,0,0,0,0,0,0,0,0,0,0,0,0,0,0
"244","Harpegnathos",0,0,0,0,0,0,0,0,0,0,0,0,79,0,0,98,0,0,0,0,0,0,0,0,0,0,59,0,68,218,0,0,0,0,0,89,0,0,0,0,0,0,0,0,0,0
"245","Helobdella",0,0,0,0,0,0,0,0,0,0,0,0,76,0,51,153,0,0,0,0,0,0,0,0,0,0,75,0,117,237,0,0,0,0,0,0,0,0,0,0,0,0,0,0,0,0
"246","Hemibagrus",0,0,57,0,90,0,0,0,0,0,0,0,0,0,0,0,0,0,0,0,0,62,0,0,0,58,50,0,0,0,0,0,0,0,0,0,0,0,0,0,0,0,58,0,62,0
"247","Hemicordylus",0,0,0,0,0,0,0,0,0,0,0,0,0,0,0,0,0,0,0,0,0,0,0,0,0,0,69,0,0,0,0,0,0,0,0,0,0,0,0,0,0,0,56,0,0,0
"248","Heterobilharzia",0,0,0,0,59,0,0,0,0,0,0,0,0,0,0,0,0,0,0,0,0,0,0,0,0,0,0,0,0,0,0,0,0,0,0,0,0,0,0,0,0,0,0,0,0,0
"249","Heterocephalus",0,0,0,0,0,0,0,0,0,0,0,0,73,0,0,72,0,0,0,0,0,0,0,0,0,0,0,0,0,82,0,0,0,0,0,0,0,0,0,0,0,0,0,0,0,0
"250","Hippoglossus",0,0,0,0,0,0,0,0,0,0,71,64,0,0,0,61,0,0,0,0,0,79,0,0,0,68,80,0,0,0,0,0,0,0,0,0,0,0,0,0,0,0,0,0,0,0
"251","Hippopus",0,0,0,0,0,0,0,0,0,0,0,0,62,0,0,63,0,0,0,0,0,0,0,0,0,0,0,0,64,62,0,0,0,0,0,0,0,0,0,0,0,0,50,0,0,0
"252","Hirtodrosophila",0,0,0,0,0,0,0,0,0,0,0,0,0,0,0,0,0,0,0,0,0,0,0,0,0,0,0,0,0,68,0,0,0,0,0,0,0,0,0,0,0,0,0,0,0,0
"253","Homalodisca",0,0,0,0,0,0,0,0,0,0,0,0,0,0,0,75,0,0,0,0,0,0,0,0,0,0,0,0,0,65,0,0,0,0,0,0,0,0,0,0,0,0,0,0,0,0
"254","Homarus",0,0,137,100,167,96,101,64,72,126,192,177,593,151,757,732,123,79,86,85,112,180,142,148,0,256,310,0,501,834,84,52,109,103,125,128,83,74,0,0,66,74,169,0,119,0
"255","Homo",760,0,60,0,0,0,15903,108,241,1218,104,212,3986,63,68,9495,956,118,55,53,390,51,212,68,0,86,513,64,4721,1460,0,0,177,0,0,142,104,97,61,65,494,331,0,210,172,97
"256","Horisme",0,0,0,0,0,0,0,0,0,0,0,0,0,0,0,0,0,0,0,0,0,0,0,0,0,0,0,0,0,55,0,0,0,0,0,0,0,0,0,0,0,0,0,0,0,0
"257","Hyalella",0,0,0,0,0,0,0,0,0,0,0,0,87,0,0,81,0,0,0,0,0,0,0,0,0,0,0,0,0,118,0,0,0,0,0,0,0,0,0,0,0,0,0,0,0,0
"258","Hydra",0,0,0,0,0,0,0,0,0,0,0,0,113,0,52,144,0,0,0,51,0,0,0,0,0,74,83,0,98,256,0,0,0,0,0,0,0,0,0,0,0,62,0,0,0,0
"259","Hydractinia",0,0,125,61,74,64,108,148,66,77,83,155,135,55,153,216,0,0,795,50,68,134,80,0,0,78,144,0,92,112,232,99,130,213,54,74,103,55,0,0,0,0,69,0,356,0
"260","Hydriomena",0,0,0,0,0,0,0,0,0,0,0,0,0,0,0,0,0,0,0,0,0,0,0,0,0,0,0,0,0,84,0,0,0,0,0,0,0,0,0,0,0,0,0,0,0,0
"261","Hyla",0,0,0,0,0,0,0,0,0,0,0,0,0,0,0,0,0,0,0,0,0,0,0,0,0,0,0,0,0,0,0,0,0,0,0,0,0,0,0,0,0,0,55,0,0,0
"262","Hyperoplus",0,0,83,62,118,73,127,152,214,286,751,585,623,274,278,0,104,0,54,74,342,167,190,74,0,357,226,0,373,567,0,0,0,0,0,53,114,106,0,0,53,0,72,117,55,0
"263","Hypomesus",0,0,0,0,0,0,0,0,0,0,0,0,56,0,0,62,0,0,0,0,0,0,0,0,0,0,0,0,0,0,0,0,0,0,0,0,0,0,0,0,0,0,0,0,0,0
"264","Hyposmocoma",0,0,0,0,0,0,0,0,0,0,0,0,0,0,0,0,0,0,0,0,0,0,0,0,0,0,0,0,0,75,0,0,0,0,0,0,0,0,0,0,0,0,0,0,0,0
"265","Ichneumon",0,0,0,0,0,0,0,0,0,0,0,0,104,0,61,144,0,0,0,0,0,0,0,0,0,0,73,0,0,776,0,0,0,0,0,0,0,0,0,0,0,0,0,0,0,0
"266","Ictalurus",0,0,76,0,54,0,0,0,0,0,0,0,0,0,0,0,0,0,0,0,0,50,0,0,0,0,76,0,0,0,0,0,0,0,0,0,0,0,0,0,0,0,0,0,0,0
"267","Ictidomys",0,0,0,0,0,0,0,0,0,0,0,0,0,0,79,0,0,0,0,0,0,0,0,0,0,0,57,0,0,0,0,0,0,0,0,0,0,0,0,0,0,0,55,0,0,0
"268","Idaea",0,0,0,0,0,0,0,0,0,0,0,0,59,0,0,0,0,0,0,0,0,0,0,0,0,0,0,0,0,96,0,0,0,0,0,0,0,0,0,0,0,0,0,0,0,0
"269","Ischnura",0,0,0,0,0,0,0,0,0,0,0,0,0,0,0,76,0,0,0,0,0,0,0,0,0,0,0,0,72,66,0,0,0,0,0,0,0,0,0,0,0,0,0,0,0,0
"270","Isoperla",0,0,0,0,83,0,0,0,0,0,0,0,106,0,0,111,0,0,0,0,0,0,0,0,0,0,56,0,74,178,0,0,0,0,0,0,0,0,0,0,0,0,0,0,0,0
"271","Ixodes",0,0,0,0,0,0,0,0,0,0,0,0,93,0,50,80,0,0,0,0,0,0,0,0,0,0,0,0,62,201,0,0,0,0,0,0,0,0,0,0,0,0,0,0,0,0
"272","Jaculus",0,0,0,0,0,57,0,0,0,0,0,51,0,0,78,0,0,0,0,0,0,0,0,0,0,54,71,0,0,0,0,0,0,0,0,0,0,0,0,0,0,0,69,0,0,0
"273","Labrus",0,0,0,0,0,0,0,0,0,81,223,133,0,100,0,0,0,0,0,0,0,82,97,0,0,82,0,0,0,0,0,0,0,117,0,0,0,0,0,0,0,0,0,0,0,0
"274","Lacanobia",0,0,0,0,0,0,0,0,0,0,0,0,0,0,0,0,0,0,0,0,0,0,0,0,0,0,0,0,0,96,0,0,0,0,0,0,0,0,0,0,0,0,0,0,0,0
"275","Lagenorhynchus",0,0,0,0,0,0,0,0,0,0,0,0,0,0,0,0,0,0,0,0,52,0,0,0,0,55,340,0,0,0,0,0,0,0,0,0,0,0,0,0,0,0,0,0,0,0
"276","Lagopus",0,0,0,0,0,0,0,0,0,0,0,0,0,0,0,0,0,0,0,0,0,0,0,0,0,62,0,0,0,0,0,0,0,0,0,0,0,0,0,0,0,0,0,0,0,0
"277","Lampris",0,0,54,0,66,56,0,0,0,0,57,60,0,0,0,0,0,0,0,0,0,71,0,0,0,59,56,0,0,0,0,0,0,51,0,0,0,60,0,0,0,0,85,0,0,0
"278","Laothoe",0,0,0,0,0,0,0,0,0,0,0,0,0,0,0,0,0,0,0,0,0,0,0,0,0,0,0,0,0,0,0,0,0,0,0,0,0,0,0,0,0,0,0,0,85,0
"279","Larimichthys",0,0,0,0,0,0,0,0,0,0,0,0,93,0,82,0,0,0,0,0,0,51,0,0,0,0,63,0,126,191,0,0,0,0,0,0,0,0,0,0,0,0,81,0,0,0
"280","Lasioglossum",0,0,0,0,0,0,0,0,0,0,0,0,109,0,180,142,0,0,0,0,0,0,0,0,0,0,79,0,143,614,0,0,0,0,0,0,0,0,0,0,0,74,75,0,82,0
"281","Lasius",0,0,0,0,0,0,0,0,0,0,0,0,0,0,0,0,0,0,0,0,0,0,0,0,0,0,0,0,0,58,0,0,0,0,0,0,0,0,0,0,0,0,0,0,0,0
"282","Lateolabrax",0,0,0,0,0,0,0,0,0,0,0,0,0,0,0,0,0,0,0,0,0,0,0,0,0,0,0,0,0,70,0,0,0,0,0,0,0,0,0,0,0,0,0,0,0,0
"283","Lepeophtheirus",0,0,0,0,0,77,0,0,0,0,0,0,0,0,0,0,0,0,0,0,0,0,0,0,0,0,0,0,0,0,0,0,0,0,0,0,0,0,0,0,0,0,0,0,0,0
"284","Lepidonotus",0,0,0,0,0,0,0,0,52,0,101,52,183,55,67,125,0,0,0,0,88,58,73,74,0,160,67,0,61,295,0,0,0,0,0,0,0,0,0,0,0,0,72,0,0,0
"285","Leptonychotes",0,0,0,0,0,0,0,0,0,0,0,0,0,0,0,0,0,0,0,0,0,212,0,0,0,0,0,0,0,0,0,0,0,0,0,0,0,0,0,0,0,0,0,0,0,0
"286","Leptopilina",0,0,0,0,0,0,0,0,0,0,50,0,135,0,0,133,0,0,0,0,0,0,0,0,0,75,117,0,0,132,0,0,0,0,0,0,0,0,0,0,0,0,0,0,0,0
"287","Leucania",0,0,0,0,0,0,0,0,0,0,0,0,0,0,0,0,0,0,0,0,0,0,0,0,0,0,0,0,0,60,0,0,0,0,0,0,0,0,0,0,0,0,0,0,0,0
"288","Leucoraja",0,0,50,0,61,0,0,0,55,0,0,0,89,0,0,0,0,0,0,0,0,51,0,0,0,0,67,0,0,0,0,0,0,0,0,0,0,0,0,0,0,0,0,0,0,0
"289","Leuctra",0,0,0,0,0,0,0,0,0,0,0,0,0,0,0,0,0,0,0,0,0,0,0,0,0,0,0,0,0,80,0,0,0,0,0,0,0,0,0,0,0,0,0,0,0,0
"290","Limenitis",0,0,0,0,0,0,0,0,0,0,0,0,0,0,0,57,0,0,0,0,0,0,0,0,0,0,0,0,0,0,0,0,0,0,0,0,0,0,0,0,0,0,0,0,0,0
"291","Limnephilus",0,0,75,0,94,0,0,0,58,64,80,102,245,83,186,219,0,0,0,0,58,87,91,51,0,116,173,0,196,381,67,0,0,0,0,0,0,0,0,0,0,89,101,0,0,0
"292","Limnoperna",0,0,0,0,0,0,0,0,0,0,0,55,61,0,95,196,61,0,0,0,0,0,0,0,0,87,156,0,281,83,0,0,0,0,0,0,0,0,0,0,0,0,221,0,0,0
"293","Limulus",0,0,0,0,0,0,0,0,0,0,0,0,0,0,0,63,0,0,0,0,0,0,0,0,0,0,0,0,0,0,0,0,0,0,0,0,0,0,0,0,0,0,0,0,0,0
"294","Lineus",0,0,0,0,79,0,111,93,133,205,499,815,794,257,353,332,0,0,0,0,162,632,450,77,0,372,523,0,289,224,0,0,0,0,0,0,58,0,0,0,92,0,79,0,0,0
"295","Lithophane",0,0,0,0,0,0,0,0,0,0,0,0,0,0,0,0,0,0,0,0,0,0,0,0,0,0,0,0,0,93,0,0,0,0,0,0,0,0,0,0,0,0,0,0,0,0
"296","Littorina",0,0,0,0,0,0,0,0,0,0,0,0,58,0,0,0,0,0,0,0,0,59,0,0,0,55,0,0,0,0,0,0,0,0,0,0,0,0,0,0,0,0,0,0,0,0
"297","Lochmaea",0,0,0,0,0,0,0,0,0,0,0,0,88,0,75,0,0,0,0,0,0,0,0,0,0,0,77,0,68,188,0,0,0,0,0,0,0,0,0,0,0,0,0,0,0,0
"298","Lottia",0,0,654,55,0,0,0,0,0,0,0,65,107,0,75,115,0,1098,0,0,0,0,0,0,0,53,63,0,123,0,1159,699,113,903,0,0,0,0,0,0,0,0,63,150,50,0
"299","Lucilia",0,0,0,0,777,0,0,0,0,0,0,0,106,0,72,119,0,0,0,0,0,53,0,0,0,0,74,0,83,92,0,0,0,0,0,0,0,0,0,0,0,0,0,0,0,0
"300","Luidia",0,0,98,76,81,0,120,88,102,87,86,111,280,0,129,0,53,0,0,0,104,70,99,86,0,105,133,0,159,532,56,0,0,0,0,0,75,0,0,0,0,0,80,0,0,0
"301","Lumbricus",0,0,205,83,253,77,108,68,67,74,145,163,497,92,285,875,116,81,80,77,102,252,101,118,0,247,414,0,449,1324,100,72,94,104,102,265,66,58,0,68,67,108,213,0,82,0
"302","Luperina",0,0,0,0,0,0,0,0,0,0,0,0,0,0,0,0,0,0,0,0,0,0,0,0,0,0,0,0,0,279,0,0,0,0,0,0,0,0,0,0,0,0,0,0,0,0
"303","Lutra",0,0,0,0,0,0,0,0,0,0,0,0,92,0,0,0,0,0,0,0,0,0,0,0,0,0,0,0,0,0,0,0,0,0,0,0,0,0,0,0,0,0,0,0,0,0
"304","Lytechinus",0,0,0,0,0,0,57,0,58,53,83,112,280,0,98,210,0,0,0,0,0,113,91,0,0,150,176,0,172,296,0,0,0,0,0,0,0,0,0,0,0,0,106,0,0,0
"305","Macaca",0,0,0,0,0,0,0,0,0,0,0,0,0,0,62,0,0,0,0,0,0,0,0,0,0,0,65,0,0,0,0,0,0,0,0,0,0,0,0,0,0,0,0,0,0,0
"306","Macrobrachium",0,0,54,0,84,94,91,0,53,64,71,92,340,54,190,408,64,0,0,0,74,103,84,75,0,112,163,0,315,469,0,0,51,68,69,82,0,85,0,0,0,54,122,0,0,0
"307","Macropis",0,0,0,0,0,0,0,0,0,0,0,0,0,0,0,0,0,0,0,0,0,0,0,0,0,0,0,0,0,62,0,0,0,0,0,0,0,0,0,0,0,0,0,0,0,0
"308","Macrosteles",0,0,0,0,0,0,0,0,0,0,0,0,0,0,0,54,0,0,0,0,0,0,0,0,0,0,0,0,66,79,0,0,0,0,0,0,0,0,0,0,0,0,0,0,0,0
"309","Malaya",0,0,0,0,0,0,0,0,0,0,0,0,83,0,76,120,0,0,0,0,0,0,0,0,0,0,65,0,63,270,0,0,0,0,0,0,0,0,0,0,0,0,56,0,0,0
"310","Maniola",0,0,0,0,0,0,0,0,0,0,0,0,0,0,0,0,0,0,0,0,0,0,0,0,0,0,0,0,0,62,0,0,0,0,0,0,0,0,0,0,0,0,0,0,0,0
"311","Marmota",0,0,0,0,0,0,0,0,0,0,0,0,0,0,76,0,0,0,0,0,0,0,0,0,0,0,92,0,0,0,0,0,0,0,0,0,0,0,0,0,0,0,50,0,0,0
"312","Marthasterias",0,0,0,0,0,0,0,0,0,0,87,0,110,0,77,190,0,0,0,0,0,0,50,0,0,104,192,0,126,315,0,0,0,0,0,0,0,0,0,0,0,0,67,0,0,0
"313","Mastomys",0,0,0,0,56,0,0,0,0,0,0,56,0,0,71,0,0,0,0,0,0,57,0,0,0,62,93,0,0,0,0,0,0,0,0,0,0,0,0,0,0,0,70,0,0,0
"314","Megachile",0,0,66,0,0,0,0,0,0,0,54,0,107,0,82,153,0,62,0,0,0,58,0,0,0,69,125,0,96,322,0,0,0,67,0,0,0,0,0,0,0,54,103,0,0,0
"315","Megalopta",0,0,0,0,0,0,0,0,0,0,0,0,54,0,0,59,0,0,0,0,0,0,0,0,0,0,0,0,0,175,0,0,0,0,0,0,0,0,0,0,0,0,0,0,0,0
"316","Melanargia",0,0,0,0,0,0,0,0,0,0,0,0,0,0,0,0,0,0,0,0,0,0,0,0,0,0,0,0,0,111,0,0,0,0,0,0,0,0,0,0,0,0,0,0,0,0
"317","Melanostigma",0,0,0,0,0,0,0,0,0,0,0,0,144,0,87,0,0,0,0,0,0,0,0,0,0,62,101,0,188,324,0,0,0,0,0,0,0,0,0,0,0,80,338,247,67,0
"318","Meleagris",0,0,0,0,0,0,0,0,0,0,0,0,66,0,0,81,0,0,0,0,0,0,0,0,0,0,0,0,53,0,0,0,0,0,0,0,0,0,0,0,0,0,0,0,0,0
"319","Meles",0,0,0,0,0,0,0,0,0,0,0,0,157,0,0,330,0,0,0,0,0,65,0,0,0,0,0,0,96,0,0,0,0,0,0,0,0,0,0,0,0,0,0,0,0,0
"320","Melinaea",0,0,0,0,0,0,0,0,0,0,0,0,56,0,0,51,0,0,0,0,0,0,0,0,0,0,0,0,0,145,0,0,0,0,0,0,0,0,0,0,0,0,0,0,0,0
"321","Meliscaeva",0,0,0,0,0,0,0,0,0,63,0,0,0,0,0,0,0,0,0,0,0,0,0,0,0,0,0,0,0,0,0,0,0,0,0,0,0,0,0,0,0,0,0,0,0,0
"322","Melitaea",0,0,0,0,0,0,0,0,0,0,0,0,85,0,0,58,0,0,0,0,0,0,0,0,0,0,0,0,0,66,0,0,0,0,0,0,0,0,0,0,0,0,0,0,0,0
"323","Membranipora",0,0,1213,1189,2039,1734,4194,3654,4304,6196,9007,18891,20435,2799,6497,8671,53,223,1119,748,3279,5116,11231,3524,751,5975,4593,1435,3371,3653,153,126,312,670,562,594,1721,802,562,580,468,328,809,449,63,0
"324","Mercenaria",0,0,0,0,60,0,107,0,65,89,111,186,466,82,328,443,93,0,65,0,158,293,176,111,0,270,409,0,451,263,0,0,50,63,0,71,104,63,0,57,93,79,394,0,60,65
"325","Meriones",0,0,0,0,0,0,0,0,0,0,0,0,0,0,62,0,0,0,0,0,0,0,0,0,0,0,68,0,0,0,0,0,0,0,0,0,0,0,0,0,0,0,0,0,0,0
"326","Mesocricetus",0,0,0,0,0,72,0,0,0,0,0,0,0,0,93,0,0,0,0,0,0,0,0,0,0,0,79,0,0,0,0,0,0,0,0,57,0,0,0,0,0,0,62,0,0,0
"327","Metridium",0,0,171,100,736,1028,1249,720,965,1517,2017,1740,5007,177,359,0,182,56,330,174,405,493,285,253,67,895,591,0,1200,628,66,66,130,151,270,381,4166,1614,2667,687,65,54,162,213,299,105
"328","Microcebus",0,0,0,0,0,0,0,0,0,0,0,0,0,0,67,0,0,0,0,0,0,0,0,0,0,0,82,0,0,0,0,0,0,0,0,0,0,0,0,0,0,0,0,0,0,0
"329","Microplitis",0,0,0,0,0,0,0,0,0,0,0,0,69,0,0,56,0,0,0,0,0,0,0,0,0,0,64,0,89,78,0,0,0,0,0,0,0,0,0,0,0,0,0,0,0,0
"330","Microtus",0,0,74,0,65,81,0,0,0,53,63,77,0,0,124,0,0,0,57,0,59,84,71,0,0,83,119,0,0,0,51,0,0,0,0,80,0,0,0,0,0,0,84,0,0,0
"331","Miltochrista",0,0,0,0,0,0,0,0,0,0,0,0,54,0,0,0,0,0,0,0,0,0,0,0,0,0,0,0,0,99,0,0,0,0,0,0,0,0,0,0,0,0,0,0,0,0
"332","Mimachlamys",0,0,0,0,63,0,0,0,0,0,56,82,190,93,301,0,0,0,0,0,57,99,120,65,0,293,397,0,332,113,0,0,0,0,0,0,0,0,0,0,0,256,496,469,0,0
"333","Mimumesa",0,0,0,0,0,0,0,0,0,0,0,0,0,0,0,0,0,0,0,0,0,0,0,0,0,0,0,0,0,109,0,0,0,0,0,0,0,0,0,0,0,0,0,0,0,0
"334","Mirounga",0,0,0,0,0,0,0,0,0,0,0,0,59,0,0,0,0,0,0,0,0,188,0,0,0,0,0,0,0,0,0,0,0,0,0,0,0,0,0,0,0,0,0,0,0,0
"335","Misgurnus",0,0,0,0,0,0,0,0,0,0,0,0,0,0,0,0,0,0,0,0,0,0,0,0,0,0,93,0,0,0,0,0,0,0,0,0,0,0,0,0,0,0,0,0,0,0
"336","Mizuhopecten",0,0,0,0,56,0,0,0,0,0,0,166,150,0,98,333,0,0,0,0,0,161,60,0,0,83,151,0,162,135,0,0,0,0,0,0,0,0,0,0,0,56,140,0,0,0
"337","Modiolus",0,0,0,0,0,0,0,0,0,0,0,66,0,0,129,337,98,0,0,0,0,0,0,0,0,121,249,0,321,124,0,0,0,0,0,0,0,0,0,0,0,73,380,60,0,0
"338","Molgula",0,0,102,75,0,0,56,0,0,0,0,0,0,0,0,0,0,0,0,0,0,0,0,0,0,0,0,0,0,0,0,0,0,0,0,0,0,0,0,0,0,0,0,0,0,0
"339","Molossus",0,0,0,0,0,0,0,0,0,0,0,51,0,0,64,0,0,0,0,0,0,0,0,0,0,0,54,0,0,0,0,0,0,0,0,0,0,0,0,0,0,0,0,0,0,0
"340","Monodelphis",0,0,54,74,101,102,90,58,56,71,81,100,0,0,183,0,74,0,0,0,55,121,70,0,0,85,101,0,0,0,60,0,52,69,81,62,57,78,0,0,0,50,121,0,0,0
"341","Monomorium",0,0,0,0,0,0,0,0,0,0,0,0,0,0,0,0,0,0,0,0,0,0,0,0,0,0,0,0,0,61,0,0,0,0,0,0,0,0,0,0,0,0,0,0,0,0
"342","Montipora",0,0,0,0,0,0,0,0,0,0,0,0,62,0,0,0,0,0,0,0,0,0,0,0,0,0,0,0,0,82,0,0,0,0,0,0,0,0,0,0,0,0,0,0,0,0
"343","Mugil",0,0,0,0,0,0,0,0,0,0,0,0,0,0,0,0,0,0,0,0,0,0,0,0,0,98,0,0,0,0,0,0,0,0,0,0,0,0,0,0,0,0,0,0,0,0
"344","Mus",0,0,168,137,178,183,164,92,103,126,182,206,533,99,392,614,168,104,118,115,126,213,198,124,0,243,364,68,421,627,134,70,112,129,154,147,90,124,55,61,80,112,220,0,128,0
"345","Musotima",0,0,0,0,0,0,0,0,0,0,0,0,0,0,0,0,0,0,0,0,0,0,0,0,0,0,0,0,0,102,0,0,0,0,0,0,0,0,0,0,0,0,0,0,0,0
"346","Mustela",0,0,0,0,0,0,0,0,0,0,0,0,0,0,61,0,0,0,0,0,0,71,0,0,0,0,63,0,0,0,0,0,0,0,0,0,0,0,0,0,0,0,0,0,0,0
"347","Mya",0,0,0,0,50,0,57,0,51,0,50,252,368,0,136,247,335,0,50,0,0,582,62,0,0,85,139,0,535,740,0,0,0,55,60,99,92,0,0,0,68,117,476,0,261,501
"348","Myopa",0,0,0,0,0,0,0,0,0,0,0,0,50,0,0,0,0,0,0,0,0,0,0,0,0,0,0,0,66,149,0,0,0,0,0,0,0,0,0,0,0,0,0,0,0,0
"349","Myotis",0,0,72,0,84,99,0,0,0,60,78,84,0,0,142,0,69,0,0,50,60,84,76,57,0,90,139,0,0,0,0,0,0,0,0,0,58,53,0,0,0,0,113,0,0,0
"350","Myripristis",0,0,0,0,0,0,0,0,0,0,0,0,102,0,0,0,0,0,0,0,0,0,0,0,0,0,0,0,75,216,0,0,0,0,0,0,0,0,0,0,0,0,0,0,0,0
"351","Myrrha",0,0,0,0,0,0,0,0,0,0,0,0,0,0,0,0,0,0,0,0,0,0,0,0,0,0,0,0,0,51,0,0,0,0,0,0,0,0,0,0,0,0,0,0,0,0
"352","Mythimna",0,0,0,0,0,0,0,0,0,53,55,0,139,0,81,96,0,0,0,0,0,0,0,0,0,52,85,0,103,220,0,0,0,0,0,0,0,93,0,0,0,0,0,0,52,0
"353","Mytilus",0,0,447,439,553,148,422,308,404,412,434,2140,943,468,2438,5046,1962,144,197,220,297,3619,1114,601,307,2353,3784,346,6914,1606,312,152,680,843,642,440,458,302,153,158,892,1225,4948,2766,1083,461
"354","Myxocyprinus",0,0,0,0,0,0,0,0,0,0,0,0,0,0,0,0,0,0,0,0,0,0,0,0,0,53,154,0,0,0,0,0,0,0,0,0,0,0,0,0,0,0,0,0,0,0
"355","Nannospalax",0,0,0,0,0,0,0,0,0,0,0,0,0,0,88,0,0,0,0,0,0,0,0,0,0,53,0,0,0,0,0,0,0,0,0,0,0,0,0,0,0,0,0,0,0,0
"356","Napeogenes",0,0,0,0,0,0,0,0,0,0,0,0,0,0,0,0,0,0,0,0,0,0,0,0,0,0,0,0,0,70,0,0,0,0,0,0,0,0,0,0,0,0,0,0,0,0
"357","Nasonia",0,0,0,0,0,0,0,0,0,0,0,0,0,0,0,0,0,0,0,0,0,0,0,0,0,0,0,0,0,50,0,0,0,0,0,0,0,0,0,0,0,0,0,0,0,0
"358","Nebria",0,0,0,0,0,0,0,0,0,0,0,0,0,0,0,63,0,0,0,0,0,0,0,0,0,0,0,0,0,72,0,0,0,0,0,0,0,0,0,0,0,0,0,0,0,0
"359","Nematopogon",0,0,0,0,0,0,0,0,0,0,0,0,0,0,0,52,0,0,0,0,0,0,0,0,0,0,0,0,0,0,0,0,0,0,0,0,0,0,0,0,0,0,0,0,0,0
"360","Nematostella",0,0,0,0,0,0,0,0,0,0,0,0,0,0,0,0,0,0,0,0,0,0,0,0,0,0,0,0,0,69,0,0,0,0,0,0,0,0,0,0,0,0,0,0,0,0
"361","Nemotelus",0,0,0,0,0,0,0,0,0,0,0,0,0,0,0,0,0,0,0,0,0,0,0,0,0,0,0,0,0,0,0,0,0,0,0,0,0,0,0,0,0,0,57,0,0,0
"362","Nemoura",0,0,53,0,0,0,0,0,0,0,0,0,83,0,73,163,0,0,0,0,0,0,0,0,0,0,86,0,78,506,0,0,0,0,0,0,0,0,0,0,0,0,0,0,0,0
"363","Nemurella",0,0,55,0,0,0,0,0,0,0,0,0,125,0,55,204,0,0,0,0,0,0,0,0,0,63,74,0,84,672,0,0,0,0,0,60,0,0,0,0,0,0,0,0,0,0
"364","Neodiprion",0,0,0,0,0,0,0,0,0,0,0,0,0,0,0,0,0,0,0,0,0,0,0,0,0,0,0,0,0,65,0,0,0,0,0,0,0,0,0,0,0,0,0,0,0,0
"365","Neomonachus",0,0,0,0,0,0,0,0,0,0,0,0,0,0,0,0,0,0,0,0,0,238,0,0,0,0,0,0,0,0,0,0,0,0,0,0,0,0,0,0,0,0,0,0,0,0
"366","Neoneuromus",0,0,0,0,0,0,0,0,0,0,0,0,100,0,60,0,0,0,0,0,0,0,0,0,0,0,58,0,70,0,0,0,0,0,0,0,0,0,0,0,0,0,0,0,0,0
"367","Neostethus",0,0,0,0,0,0,0,0,0,0,0,0,0,0,0,0,0,0,0,0,0,0,0,0,0,0,0,0,0,84,0,0,0,0,0,0,0,0,0,0,0,0,0,0,0,0
"368","Nephrocerus",0,0,0,0,0,0,0,0,0,0,0,0,0,0,0,0,0,0,0,0,0,0,0,0,0,0,0,0,0,74,0,0,0,0,0,0,0,0,0,0,0,0,0,0,0,0
"369","Netelia",0,0,0,0,0,0,0,0,0,0,0,0,61,0,53,0,0,0,0,0,0,0,0,0,0,0,0,0,52,107,0,0,0,0,0,0,0,0,0,0,0,0,0,0,0,0
"370","Nibea",0,0,0,0,0,0,0,0,0,0,0,0,0,0,0,79,0,0,0,0,0,0,0,0,0,0,69,0,0,204,0,0,0,0,0,0,0,0,0,0,0,0,0,0,0,0
"371","Nilaparvata",0,0,0,0,0,0,0,0,0,0,0,0,79,0,59,87,0,0,0,0,0,0,0,0,0,0,56,0,50,108,0,0,0,0,0,0,0,0,0,0,0,0,0,0,0,0
"372","Nipponia",0,0,0,0,0,0,0,0,0,0,0,0,0,0,0,0,0,0,0,0,0,0,0,0,0,0,0,0,0,0,0,0,0,78,0,0,0,0,0,0,0,0,0,0,0,0
"373","Noctua",0,0,0,0,0,0,0,0,0,0,0,0,0,0,0,54,0,0,0,0,0,0,0,0,0,0,0,0,0,73,0,0,0,0,0,0,0,0,0,0,0,0,0,0,0,0
"374","Nomada",0,0,0,0,0,0,0,0,0,0,0,0,0,0,0,0,0,0,0,0,0,0,0,0,0,0,0,0,0,278,0,0,0,0,0,0,0,0,0,0,0,0,0,0,0,0
"375","Nomia",0,0,0,0,0,0,0,0,0,0,0,0,0,0,0,0,0,0,0,0,0,0,0,0,0,0,0,0,0,70,0,0,0,0,0,0,0,0,0,0,0,0,0,0,0,0
"376","Notodromas",0,0,0,0,0,0,0,0,0,0,0,0,0,0,0,0,0,0,0,0,0,0,0,0,0,0,0,0,0,51,0,0,0,0,0,0,0,0,0,0,0,0,0,0,0,0
"377","Notolabrus",0,0,0,0,74,0,0,0,0,0,0,0,0,0,50,0,0,0,0,0,0,51,0,0,0,0,0,0,0,0,0,0,0,0,0,0,0,0,0,0,0,0,0,0,50,0
"378","Notothenia",0,0,0,0,0,0,0,0,0,0,0,0,102,0,0,0,0,0,0,0,0,0,0,0,0,0,73,0,75,180,0,0,0,0,0,0,0,0,0,0,0,0,0,0,0,0
"379","Nyctereutes",0,0,0,0,0,0,0,0,0,0,0,0,0,0,0,0,0,0,0,0,0,51,0,0,0,0,0,0,0,0,0,0,0,0,0,0,0,0,0,0,0,0,0,0,0,0
"380","Nycticebus",0,0,0,0,0,0,0,0,0,0,0,0,0,0,59,0,0,0,0,0,0,0,0,0,0,0,0,0,0,0,0,0,0,0,0,0,0,0,0,0,0,0,0,0,0,0
"381","Nymphula",0,0,0,0,0,0,0,0,0,0,0,0,0,0,0,0,0,0,0,0,0,0,0,0,0,0,0,0,0,63,0,0,0,0,0,0,0,0,0,0,0,0,0,0,0,0
"382","Nysson",0,0,0,0,0,0,0,0,0,0,0,0,0,0,0,0,0,0,0,0,0,0,0,0,0,0,0,0,0,229,0,0,0,0,0,0,0,0,0,0,0,0,0,0,0,66
"383","Ochotona",0,0,61,0,0,0,0,0,0,0,0,68,0,0,97,0,0,0,0,0,0,65,0,0,0,71,0,0,0,0,0,0,0,0,0,0,0,0,0,0,0,0,0,0,0,0
"384","Octodon",0,0,0,0,0,0,0,0,0,0,70,66,0,0,103,0,0,0,0,0,0,60,60,0,0,62,83,0,0,0,0,0,0,0,0,0,0,0,0,0,0,0,63,0,0,0
"385","Octopus",0,0,293,152,281,173,175,116,157,172,208,309,1084,171,611,1327,203,135,171,157,184,451,266,261,64,403,654,88,1139,1718,179,113,166,192,208,309,122,124,53,106,127,465,408,0,307,57
"386","Ocypus",0,0,0,0,0,0,0,0,0,0,0,0,57,0,0,72,0,0,0,0,0,204,0,0,0,0,0,0,0,84,0,0,0,0,0,0,0,0,0,0,0,0,0,0,0,0
"387","Odobenus",0,0,0,0,0,0,0,0,0,0,0,0,0,0,0,0,0,0,0,0,0,174,0,0,0,0,0,0,0,0,0,0,0,0,0,0,0,0,0,0,0,0,0,0,0,0
"388","Odontocerum",0,0,0,0,0,0,0,0,0,0,0,0,0,0,0,0,0,0,0,0,0,0,0,0,0,0,0,0,0,56,0,0,0,0,0,0,0,0,0,0,0,0,0,0,0,0
"389","Odontomachus",0,0,0,0,0,0,0,0,0,0,0,0,0,0,0,83,0,0,0,0,0,0,0,0,0,0,0,0,0,78,0,0,0,0,0,0,0,0,0,0,0,0,0,0,0,0
"390","Oegoconia",0,0,0,0,0,0,0,0,0,0,0,0,0,0,0,0,0,0,0,0,0,0,0,0,0,0,0,0,0,54,0,0,0,0,0,0,0,0,0,0,0,0,0,0,0,0
"391","Oikopleura",0,0,61,51,84,112,273,202,332,347,648,796,2017,341,1165,1745,165,0,74,94,354,594,446,478,118,1070,1318,119,1667,1099,0,0,53,120,96,113,212,152,70,227,196,254,1109,482,74,0
"392","Oligia",0,0,0,0,0,0,0,0,0,0,0,0,0,0,0,0,0,0,0,0,0,0,0,0,0,0,0,0,0,51,0,0,0,0,0,0,0,0,0,0,0,0,0,0,0,0
"393","Oncorhynchus",0,0,393,171,449,302,284,182,193,247,367,436,0,211,317,0,415,220,229,197,241,598,337,275,82,573,599,111,0,64,288,206,232,303,328,274,192,245,64,111,134,197,520,0,433,89
"394","Onychomys",0,0,75,0,84,52,51,0,0,59,62,68,210,0,111,97,0,0,0,0,53,89,67,53,0,74,131,0,212,314,50,0,0,51,63,51,0,0,0,0,0,0,81,0,0,0
"395","Operophtera",0,0,0,0,0,0,0,0,0,0,0,0,0,0,0,0,0,0,0,0,0,0,0,0,0,0,0,0,0,61,0,0,0,0,0,0,0,0,0,0,0,0,0,0,0,0
"396","Ophion",0,0,0,0,64,56,0,0,0,0,0,0,123,0,82,54,0,0,0,0,0,57,0,0,0,74,77,0,115,324,0,0,0,0,0,0,0,0,0,0,0,0,0,0,0,0
"397","Ophonus",0,0,0,0,0,0,0,0,0,0,0,0,0,0,0,0,0,0,0,0,0,0,0,0,0,0,0,0,0,193,0,0,0,0,0,0,0,0,0,0,0,0,0,0,0,0
"398","Oppia",0,0,0,0,0,0,0,0,0,0,0,0,0,0,0,0,0,0,0,0,0,0,0,0,0,363,0,0,0,136,0,0,0,0,0,0,0,0,0,0,0,0,0,0,0,0
"399","Oppiella",0,0,0,0,0,0,56,0,0,0,0,0,0,0,0,0,0,0,0,0,0,0,0,0,0,0,0,0,0,0,0,0,0,0,0,0,0,0,0,0,0,0,0,0,0,0
"400","Orbicella",0,0,0,0,0,0,0,0,0,0,0,0,0,0,0,0,0,0,0,0,0,0,0,0,0,0,0,0,0,93,0,0,0,0,0,81,0,0,0,0,0,0,0,0,0,0
"401","Orcinus",0,0,0,0,0,0,0,0,0,0,0,0,0,0,0,1421,0,0,0,0,0,0,0,64,0,0,78,0,0,0,0,0,0,0,0,0,0,0,0,0,0,0,0,0,0,0
"402","Orgyia",0,0,0,0,0,0,0,0,0,0,0,0,0,0,0,0,0,0,0,0,0,0,0,0,0,0,0,0,0,0,0,0,0,0,69,0,0,0,0,0,0,0,0,0,0,0
"403","Orthosia",0,0,0,0,0,0,0,0,0,0,0,0,98,0,57,0,0,0,0,0,0,0,0,0,0,0,57,0,0,90,0,0,0,0,0,0,0,0,0,0,0,0,0,0,0,0
"404","Orussus",0,0,0,0,0,0,0,0,0,0,0,0,0,0,0,0,0,0,0,0,0,0,0,0,0,0,0,0,0,243,0,0,0,0,0,0,0,0,0,0,0,0,0,0,0,0
"405","Oryctolagus",0,0,0,0,0,0,0,0,0,0,0,0,0,0,61,0,0,0,0,0,0,0,0,0,0,0,0,0,0,0,0,0,0,0,0,0,0,0,0,0,0,0,0,0,0,0
"406","Oryzias",0,0,52,0,71,0,0,0,0,0,56,70,114,0,70,0,0,0,0,0,0,0,0,0,0,60,97,0,87,183,0,0,0,0,0,0,0,0,0,0,0,0,58,0,0,0
"407","Oscarella",0,0,0,0,0,0,0,0,0,0,0,64,0,67,52,0,0,0,0,0,0,0,0,0,0,122,127,0,0,0,0,0,0,0,0,0,0,0,0,0,0,0,0,0,0,0
"408","Osmia",0,0,0,0,0,0,0,0,0,0,0,0,0,0,0,0,0,0,0,0,0,0,0,0,0,0,0,0,0,66,0,0,0,0,0,0,0,0,0,0,0,0,0,0,0,0
"409","Ostrea",0,0,0,0,0,0,0,0,0,0,0,70,131,61,106,162,0,0,0,0,0,500,94,0,0,88,160,0,223,303,0,0,0,0,0,0,225,0,0,55,202,0,97,0,0,0
"410","Oxytorus",0,0,0,0,0,0,0,0,0,0,0,0,0,0,0,0,0,0,0,0,0,0,0,0,0,0,0,0,0,98,0,0,0,0,0,0,0,0,0,0,0,0,0,0,0,0
"411","Palloptera",0,0,0,0,0,0,0,0,0,0,0,0,0,0,0,0,0,0,0,0,0,0,0,0,0,0,0,0,0,68,0,0,0,0,0,0,0,0,0,0,0,0,0,0,0,0
"412","Pammene",0,0,0,0,0,0,0,0,0,0,0,0,79,0,0,100,0,0,0,0,0,0,0,0,0,0,53,0,0,145,0,0,0,0,0,0,0,0,0,0,0,0,0,0,0,0
"413","Pan",0,0,0,0,0,0,66,0,0,0,0,0,0,0,0,0,0,0,0,0,0,0,0,0,0,0,0,0,0,0,0,0,0,0,0,0,0,0,0,0,0,0,0,0,0,0
"414","Panthera",0,0,0,0,0,0,0,0,0,0,0,0,0,0,68,0,0,0,0,0,0,0,0,0,0,60,73,0,0,0,0,0,0,0,0,0,0,0,0,0,0,0,56,0,0,0
"415","Pantherophis",0,0,0,0,50,0,0,0,0,0,0,0,0,0,0,0,0,0,0,0,0,0,0,0,0,0,0,0,0,0,0,0,0,0,0,0,0,0,0,0,0,0,0,0,0,0
"416","Papilio",0,0,0,0,0,0,0,0,0,0,0,0,0,0,0,0,0,0,0,0,0,0,0,0,0,0,0,0,0,64,0,0,0,0,0,0,0,0,0,0,0,0,0,0,0,0
"417","Parus",0,0,0,0,0,0,0,0,0,0,0,0,0,0,147,0,0,0,0,0,0,0,0,0,0,0,0,0,0,0,0,0,0,0,0,0,0,0,0,0,0,0,0,0,0,0
"418","Patella",0,0,721,715,2386,1646,4236,3476,5293,5719,11167,16298,29902,12193,20733,29394,3904,210,1309,1232,3784,7098,13193,3324,1501,17796,18645,1570,9003,6320,242,295,1236,1798,1561,2041,3726,1899,1027,1527,2389,2683,7756,5474,445,0
"419","Patiria",0,0,0,0,0,0,0,0,0,0,0,0,53,0,0,74,0,0,0,0,0,0,0,0,0,0,0,0,52,138,0,0,0,0,0,0,0,0,0,0,0,52,0,0,0,0
"420","Pecten",0,0,0,0,109,56,118,82,288,542,994,581,1975,332,259,317,0,0,0,110,713,332,494,210,59,358,1271,0,230,196,55,0,116,170,136,849,580,522,168,636,604,1133,822,667,0,0
"421","Pediculus",0,0,0,0,0,0,0,0,0,0,0,0,0,0,0,54,0,0,0,0,0,0,0,0,0,0,0,0,0,51,0,0,0,0,0,0,0,0,0,0,0,0,0,0,0,0
"422","Pelagia",0,0,55,0,0,0,0,0,0,0,0,0,0,0,0,0,0,0,0,0,0,0,0,0,0,0,0,0,0,0,0,0,0,0,0,0,0,0,0,0,0,0,0,0,0,0
"423","Pelecanus",0,0,0,0,0,0,0,0,0,0,0,0,0,0,0,0,0,0,0,0,0,0,0,0,0,0,0,0,0,0,0,0,0,78,0,0,0,0,0,0,0,0,0,0,0,0
"424","Penaeus",0,0,896,359,1042,725,545,416,497,624,932,1088,4516,592,2080,5458,1121,465,452,446,604,1252,810,730,195,1435,1865,292,4033,5600,494,421,564,600,777,773,442,627,194,373,340,479,1537,0,705,222
"425","Perca",0,0,0,0,0,0,0,0,0,0,0,0,0,0,0,0,0,0,0,0,0,0,0,0,0,50,77,0,0,0,0,0,0,0,0,0,0,0,0,0,0,0,55,0,0,0
"426","Periophthalmus",0,0,0,0,0,0,0,0,0,0,0,0,0,0,0,0,0,0,0,0,0,64,0,0,0,62,84,0,0,0,0,0,0,0,0,0,0,0,0,0,0,0,58,0,0,0
"427","Perognathus",0,0,0,0,0,0,0,0,0,0,0,0,0,0,55,0,0,0,0,0,0,0,0,0,0,0,61,0,0,0,0,0,0,0,0,0,0,0,0,0,0,0,0,0,0,0
"428","Peromyscus",0,0,141,104,132,126,120,70,100,93,121,155,99,77,279,0,105,99,0,95,100,162,129,92,0,171,222,54,89,163,92,71,100,98,113,126,75,102,0,58,70,75,206,0,70,0
"429","Petromyzon",0,0,237,67,199,59,85,57,0,54,88,87,0,79,73,0,71,81,83,75,62,234,83,241,0,133,161,0,0,0,62,80,98,163,84,79,51,54,0,0,0,0,134,0,97,0
"430","Petrophora",0,0,0,0,0,0,0,0,0,0,0,0,0,0,0,0,0,0,0,0,0,0,0,0,0,0,0,0,0,54,0,0,0,0,0,0,0,0,0,0,0,0,0,0,0,0
"431","Phacochoerus",159,0,0,0,80,64,120,87,121,104,67,214,0,79,78,0,135,0,72,71,120,0,162,108,0,93,137,0,0,0,0,0,82,89,101,63,112,102,70,0,122,0,72,0,153,66
"432","Phaedon",0,0,0,0,0,60,0,0,0,0,0,0,0,0,0,58,0,0,0,0,0,0,0,0,0,0,54,0,0,346,0,0,0,0,0,0,0,0,0,0,0,0,0,0,0,0
"433","Phaethon",0,0,0,0,0,0,0,0,0,0,0,0,0,0,0,0,0,0,0,0,0,0,0,0,0,0,0,0,0,0,0,0,0,53,0,0,0,0,0,0,0,0,0,0,0,0
"434","Phalacrocorax",0,0,364,164,775,205,470,778,1300,328,400,1804,2629,374,1284,0,0,0,112,1499,692,484,755,412,0,2624,510,0,111,69,0,0,98,264,84,592,65,121,0,0,0,0,159,0,0,0
"435","Phallusia",0,0,64,65,59,0,92,61,63,0,0,0,0,0,0,0,0,0,0,0,0,0,0,0,0,0,0,0,0,0,0,0,0,0,0,0,0,0,0,0,0,0,91,59,0,0
"436","Phascolarctos",0,0,0,0,73,60,0,0,0,51,0,61,0,0,112,0,0,0,0,0,0,64,0,0,0,61,109,0,0,0,0,0,0,0,0,63,0,0,0,0,0,0,72,0,0,0
"437","Phasianus",0,0,129,125,0,0,0,0,0,0,0,0,0,64,0,0,0,52,0,0,0,0,0,0,0,0,0,0,0,0,0,0,0,0,52,0,0,0,0,0,55,1023,59,181,0,0
"438","Philereme",0,0,0,0,0,0,0,0,0,0,0,0,0,0,0,0,0,0,0,0,0,0,0,0,0,0,0,0,0,149,0,0,0,0,0,0,0,0,0,0,0,0,0,0,0,0
"439","Phoca",0,0,0,0,0,0,0,0,0,0,0,0,0,0,0,0,0,0,0,0,0,1551,0,0,0,0,63,0,0,0,0,0,0,0,0,0,0,0,0,0,0,0,0,0,0,0
"440","Phodopus",0,0,0,0,0,0,0,0,0,0,0,0,0,0,55,0,0,0,0,0,0,0,0,0,0,0,71,0,0,0,0,0,0,0,0,0,0,0,0,0,0,0,0,0,0,0
"441","Pholis",0,0,51,0,85,60,174,84,129,244,337,525,1027,281,755,1214,181,0,95,106,303,422,655,270,63,497,836,0,490,709,0,0,64,84,57,105,179,77,0,66,124,126,405,326,96,0
"442","Phorcus",0,0,0,0,0,0,0,0,0,0,0,0,76,0,67,102,0,0,0,0,0,0,0,0,0,62,65,0,118,112,0,0,0,0,0,0,0,0,0,0,0,0,75,0,0,0
"443","Phosphuga",0,0,0,0,0,0,0,0,0,0,0,0,50,0,0,55,0,0,0,0,0,0,0,0,0,0,59,0,0,132,0,0,0,0,0,0,0,0,0,0,0,0,0,0,0,0
"444","Photinus",0,0,0,0,0,0,0,0,0,0,0,0,0,0,0,57,0,0,0,0,0,0,0,0,0,0,0,0,0,158,0,0,0,0,0,0,0,0,0,0,0,0,0,0,0,0
"445","Phoxinus",0,0,0,0,58,0,0,0,0,0,0,0,93,0,0,0,0,0,0,0,0,0,0,0,0,0,51,0,63,180,0,0,0,0,0,0,0,0,0,0,0,0,0,0,0,0
"446","Phyllostomus",0,0,0,0,0,0,0,0,0,0,0,0,0,0,64,0,0,0,0,0,0,0,0,0,0,0,0,0,0,0,0,0,0,0,0,0,0,0,0,0,0,0,0,0,0,0
"447","Phyllotreta",0,0,0,0,0,0,0,0,0,0,0,0,0,0,0,0,0,0,0,0,0,0,0,0,0,0,0,0,0,142,0,0,0,0,0,0,0,0,0,0,0,0,0,0,0,0
"448","Phymastichus",0,0,0,0,0,0,0,0,0,0,0,0,0,0,0,51,0,0,0,0,0,0,0,0,0,0,0,0,0,127,0,0,0,0,0,0,0,0,0,0,0,0,0,0,0,0
"449","Physella",0,0,53,0,65,70,84,55,70,114,88,132,284,51,124,415,62,0,65,77,81,119,86,0,0,94,141,0,226,673,50,0,0,53,0,0,0,0,0,0,0,0,80,0,82,0
"450","Pilophorus",0,0,0,0,0,0,0,0,0,0,0,0,0,0,0,0,0,0,0,0,0,0,0,0,0,0,0,0,0,132,0,0,0,0,0,0,0,0,0,0,0,0,0,0,0,0
"451","Pinctada",0,0,0,0,0,0,0,0,0,0,0,50,80,0,75,0,0,0,0,0,0,0,0,0,0,50,82,0,94,126,0,0,0,0,0,0,0,0,0,0,0,0,85,0,0,0
"452","Pipistrellus",0,0,63,0,0,50,0,0,0,0,0,0,120,0,109,115,0,57,0,0,0,60,0,0,0,57,68,0,110,169,0,0,0,0,0,0,0,0,0,0,0,0,72,0,0,0
"453","Piscicola",0,0,0,0,0,0,0,0,0,0,0,52,137,0,71,227,0,0,0,0,0,71,0,0,0,0,83,0,93,307,0,0,0,0,0,0,0,0,0,0,0,0,53,71,0,0
"454","Platichthys",0,0,0,0,0,0,0,0,0,0,62,0,171,0,77,0,0,0,0,0,0,51,0,0,0,0,56,0,67,129,0,0,0,0,0,0,0,0,0,0,0,0,0,0,0,0
"455","Plectropomus",0,0,0,0,0,0,0,0,0,0,0,0,66,0,0,0,0,0,0,0,0,0,0,0,0,0,0,0,63,111,0,0,0,0,0,0,0,0,0,0,0,0,0,0,0,0
"456","Pleuronectes",0,0,0,0,0,0,0,0,55,78,170,235,411,158,520,1346,167,0,0,0,255,266,126,186,0,93,167,0,142,189,0,0,0,0,0,0,50,97,0,62,87,0,104,309,420,0
"457","Pocillopora",0,0,0,0,0,0,0,0,0,0,0,0,0,0,0,0,0,0,0,0,0,0,0,0,0,0,0,0,0,69,0,0,0,0,0,0,0,0,0,0,0,0,0,0,0,0
"458","Podarcis",0,0,0,0,0,0,0,0,0,0,0,0,70,0,60,0,0,0,0,0,0,0,0,0,0,50,52,0,64,106,0,0,0,0,0,0,0,0,0,0,0,0,0,0,0,0
"459","Poecile",0,0,0,0,0,0,0,0,0,0,0,0,0,0,0,0,0,0,0,0,0,0,0,63,0,546,64,0,0,0,0,0,0,0,0,0,0,0,0,0,0,0,0,0,0,0
"460","Poecilia",0,0,0,0,0,0,0,0,0,0,0,0,0,0,0,61,0,0,0,0,0,0,0,0,0,0,0,0,0,115,0,0,0,0,0,0,0,0,0,0,0,0,0,0,0,0
"461","Pogona",0,0,0,0,126,0,0,0,0,0,0,0,0,0,0,0,0,0,0,0,0,0,0,0,0,0,0,0,0,0,0,0,0,0,0,0,0,0,0,0,0,0,0,0,0,0
"462","Pogonomyrmex",0,0,0,0,0,0,0,0,0,0,0,0,0,0,0,0,0,0,0,0,0,0,0,0,0,0,0,0,0,58,0,0,0,0,0,0,0,0,0,0,0,0,0,0,0,0
"463","Polia",0,0,0,0,0,0,0,0,0,0,0,0,63,0,0,0,0,0,0,0,0,0,0,0,0,0,0,0,0,119,0,0,0,0,0,0,0,0,0,0,0,0,0,0,0,0
"464","Polistes",0,0,0,0,66,0,50,0,0,0,0,65,176,0,115,214,0,0,0,0,0,63,0,0,0,73,98,0,160,220,0,0,0,0,0,0,0,0,0,0,0,0,70,0,0,0
"465","Pollachius",0,0,302,156,428,289,548,513,545,599,923,1027,2067,640,1092,59,220,60,268,183,464,24839,2163,343,76,580,858,118,616,541,58,0,126,161,141,177,139,100,82,71,109,105,190,258,243,0
"466","Pollicipes",0,0,0,0,0,0,0,0,0,0,0,0,111,0,58,150,0,0,0,0,0,0,0,0,0,0,62,0,64,209,0,0,0,0,0,0,0,0,0,0,0,0,0,0,0,0
"467","Polymixis",0,0,0,0,0,0,0,0,0,0,0,0,0,0,0,0,0,0,0,0,0,0,0,0,0,0,0,0,0,95,0,0,0,0,0,0,0,0,0,0,0,0,0,0,0,0
"468","Polyodon",0,0,0,0,0,56,0,0,0,0,0,0,0,0,0,0,0,0,0,0,0,0,0,0,0,0,0,0,0,0,0,0,0,0,0,0,0,0,0,0,0,0,71,0,0,0
"469","Polypterus",0,0,0,0,67,0,0,0,0,0,0,0,0,0,0,0,0,0,0,0,0,0,52,0,0,0,0,0,0,0,0,0,0,0,0,0,0,0,0,0,0,0,0,0,0,0
"470","Pomacea",0,0,0,0,0,0,0,0,0,0,0,0,0,0,0,74,0,0,0,0,0,0,0,0,0,0,0,0,0,149,0,0,0,0,0,0,0,0,0,0,0,0,0,0,0,0
"471","Pongo",0,0,0,0,0,0,0,0,0,0,0,0,0,0,52,0,0,0,0,0,0,0,0,0,0,0,0,0,0,0,0,0,0,0,0,0,0,0,0,0,0,0,0,0,0,0
"472","Porites",0,0,0,0,0,0,0,0,0,0,0,0,75,0,0,0,0,0,0,0,0,0,0,0,0,0,0,0,0,0,0,0,0,0,0,0,0,0,0,0,0,0,0,0,0,0
"473","Portunus",0,0,165,112,177,153,117,72,79,134,194,245,948,109,411,1341,191,86,91,82,340,370,245,242,59,244,366,101,928,1203,125,75,120,95,137,162,112,201,51,98,85,128,294,336,102,0
"474","Priapulus",0,0,1269,3047,1554,1283,1700,869,871,404,475,518,807,4086,315,662,311,1014,1338,1647,1123,1023,286,136,0,333,481,0,960,838,2395,875,923,1398,1851,2307,892,10304,26119,538,412,4827,797,1586,1413,417
"475","Procambarus",0,0,195,77,132,97,133,126,61,111,107,157,448,106,266,637,94,68,71,68,106,150,98,71,0,182,277,0,355,1250,98,78,105,162,102,92,71,63,0,0,59,61,161,0,94,0
"476","Protonemura",0,0,0,0,0,0,0,0,0,0,0,0,54,0,0,0,0,0,0,0,0,0,0,0,0,0,0,0,0,300,0,0,0,0,0,0,0,0,0,0,0,0,0,145,0,0
"477","Protopterus",0,0,308,0,409,0,0,0,0,0,272,351,0,228,307,0,163,0,0,0,0,350,303,213,0,387,453,82,0,0,0,0,0,0,0,0,0,183,0,146,0,0,448,0,398,81
"478","Protula",0,0,0,0,0,0,0,0,0,0,0,0,83,0,0,0,0,0,0,0,0,56,0,0,0,0,57,0,62,97,0,0,0,0,0,0,0,0,0,0,0,0,0,0,0,0
"479","Pseudochaenichthys",0,0,0,0,0,0,0,0,0,0,0,0,61,0,0,0,0,0,0,0,0,0,0,0,0,0,0,0,51,156,0,0,0,0,0,0,0,0,0,0,0,0,0,0,0,0
"480","Pseudoliparis",0,0,0,0,0,0,0,0,0,0,0,52,88,0,0,0,0,0,0,0,0,0,53,0,0,57,57,0,0,0,0,0,0,0,0,0,0,0,0,0,0,0,0,0,0,0
"481","Psylliodes",0,0,0,0,50,0,0,0,0,0,89,106,334,80,185,425,69,0,0,0,52,117,101,73,0,138,211,0,209,1075,0,0,0,59,54,0,0,0,0,0,0,64,118,0,50,0
"482","Pteropus",0,0,0,0,0,0,0,0,0,0,0,0,0,0,73,0,0,0,0,0,0,0,0,0,0,0,0,0,0,0,0,0,0,0,0,0,0,0,0,0,0,0,0,0,0,0
"483","Pterostichus",0,0,0,0,0,0,0,0,0,0,0,0,88,0,0,0,0,0,0,0,0,0,0,0,0,0,0,0,0,0,0,0,0,0,0,0,0,0,0,0,0,0,0,0,0,0
"484","Pungitius",0,0,0,0,0,0,0,0,0,0,0,0,66,0,0,0,0,0,0,0,0,0,0,0,0,0,0,0,0,131,0,0,0,0,0,0,0,0,0,0,0,0,0,0,0,0
"485","Pygocentrus",0,0,0,0,62,0,0,0,0,0,0,0,0,0,0,0,0,0,0,0,0,0,0,0,0,51,0,0,0,0,0,0,0,0,0,0,0,0,0,0,0,0,0,0,0,0
"486","Pygoscelis",0,0,0,0,0,0,0,0,0,0,0,0,0,0,0,0,0,0,0,0,0,0,0,0,0,0,0,0,0,0,0,0,0,70,0,0,0,0,0,0,0,0,0,0,0,0
"487","Rana",0,0,55,0,69,0,66,0,0,0,53,77,0,0,0,0,52,0,0,61,0,62,61,0,0,79,85,0,0,0,0,0,0,0,0,0,0,0,0,0,0,0,89,0,0,0
"488","Rangifer",0,0,0,0,0,0,0,0,0,0,0,0,68,0,0,0,0,0,0,0,0,0,0,0,0,0,0,0,58,63,0,0,0,0,0,0,0,0,0,0,0,0,0,0,0,0
"489","Rattus",0,0,128,69,122,80,94,51,61,65,111,137,0,72,256,0,94,65,76,86,89,157,95,79,0,127,206,0,0,0,73,58,69,81,67,82,71,77,0,0,0,54,157,0,87,0
"490","Rhagoletis",0,0,0,0,0,0,0,0,0,0,0,0,93,0,0,78,0,0,0,0,0,0,0,0,0,0,0,0,79,119,0,0,0,0,0,0,0,0,0,0,0,0,0,0,0,0
"491","Rhinatrema",0,0,0,0,0,0,0,0,0,0,0,0,0,0,0,0,0,0,0,0,0,0,0,0,0,50,0,0,0,0,0,0,0,0,0,0,0,0,0,0,0,0,0,0,0,0
"492","Rhinolophus",0,0,0,0,0,0,0,0,0,0,0,0,0,0,0,0,0,0,0,0,0,0,0,0,0,0,51,0,0,0,0,0,0,0,0,0,0,0,0,0,0,0,0,0,0,0
"493","Rhipicephalus",0,0,104,0,169,0,0,0,0,0,55,75,251,0,141,357,0,0,66,0,56,89,81,78,0,88,161,0,212,394,73,61,0,0,0,78,0,0,0,0,0,0,89,0,50,0
"494","Ricordea",0,0,0,0,0,0,0,0,0,0,0,0,75,0,0,0,0,0,0,0,0,0,0,0,0,0,0,0,0,94,0,0,0,0,0,0,0,0,0,0,0,0,0,0,0,0
"495","Rissa",0,0,0,0,333,0,0,110,199,101,533,625,0,1550,181,0,0,0,0,0,380,70,198,333,0,193,149,0,0,0,0,0,128,128,77,205,140,66,0,0,608,0,61,582,0,0
"496","Ruditapes",0,0,0,0,70,0,0,0,0,0,54,87,190,0,142,200,0,0,0,0,0,162,66,0,0,103,199,0,210,158,0,0,0,0,0,0,0,0,0,0,0,0,190,0,0,0
"497","Rutilus",0,0,0,0,0,0,0,0,0,0,0,0,59,0,0,0,0,0,0,0,0,0,0,0,0,0,0,0,65,110,0,0,0,0,0,0,0,0,0,0,0,0,0,0,0,0
"498","Sabethes",0,0,0,0,0,0,0,0,0,0,0,0,71,0,55,121,0,0,0,0,0,0,0,0,0,0,0,0,60,145,0,0,0,0,0,0,0,0,0,0,0,0,0,0,0,0
"499","Saccoglossus",0,0,0,0,0,0,53,0,0,0,52,123,192,0,70,51,0,0,0,0,63,0,0,0,0,0,0,0,0,0,0,0,0,0,0,0,0,87,0,0,0,0,0,0,0,0
"500","Sacculina",0,0,0,0,0,0,0,0,0,0,0,0,74,0,50,107,0,0,0,0,0,0,0,0,0,0,50,0,54,135,0,0,0,0,0,0,0,0,0,0,0,0,0,0,0,0
"501","Salarias",0,0,0,0,0,0,0,0,0,0,0,0,68,0,0,0,0,0,0,0,0,0,0,0,0,0,0,0,57,236,0,0,0,0,0,0,0,0,0,0,0,0,0,0,0,0
"502","Salmo",0,0,151,79,145,110,132,93,82,140,121,149,379,63,180,0,116,81,85,59,67,207,105,80,0,178,184,0,238,547,80,74,70,82,93,97,61,94,0,0,0,68,140,0,125,0
"503","Salvelinus",0,0,141,64,142,90,75,65,66,91,145,152,0,74,118,0,140,98,125,79,88,231,116,86,52,219,192,0,0,0,115,89,98,115,109,91,61,70,0,0,59,88,216,0,140,0
"504","Sarcophilus",0,0,0,0,63,0,0,0,0,51,59,56,0,0,92,0,0,0,0,0,0,59,56,0,0,54,89,0,0,0,0,0,0,53,0,0,0,0,0,0,0,0,78,0,0,0
"505","Scaeva",0,0,0,0,0,0,0,0,0,0,0,0,0,0,0,0,0,0,0,0,0,0,0,0,0,0,0,0,0,52,0,0,0,0,0,0,0,0,0,0,0,85,0,0,0,0
"506","Schistocerca",0,0,318,0,0,0,0,0,0,174,241,308,731,0,411,922,133,0,0,0,215,328,266,147,59,259,437,80,578,1441,0,194,240,0,0,363,0,180,0,112,0,0,323,0,172,51
"507","Schistosoma",0,0,0,0,415,0,0,0,0,0,0,50,197,0,68,153,0,0,0,0,0,133,0,0,0,0,89,0,87,182,51,0,0,0,69,67,0,0,0,0,0,0,69,0,0,0
"508","Sciurus",0,0,0,0,0,0,0,0,0,0,0,0,0,0,69,0,0,0,0,0,0,0,0,0,0,0,0,0,0,54,0,0,0,0,0,0,0,0,0,0,0,0,0,0,0,0
"509","Scleropages",0,0,0,0,0,0,0,0,0,0,0,0,0,0,0,0,0,0,0,0,0,0,0,0,0,0,0,0,0,56,0,0,0,0,0,0,0,0,0,0,0,0,0,0,0,0
"510","Scomber",0,0,0,76,91,60,134,67,104,78,317,269,66,150,118,0,0,0,0,0,59,127,363,71,0,66,66,0,0,0,0,0,0,0,0,0,0,0,0,0,0,0,0,0,0,0
"511","Scophthalmus",0,0,0,0,0,0,104,0,0,0,0,0,64,0,52,0,0,0,0,0,0,0,0,0,0,0,65,0,51,68,0,0,0,0,0,0,0,0,0,0,0,94,65,0,0,0
"512","Scrobipalpa",0,0,0,0,0,0,0,0,0,0,0,0,0,0,0,0,0,0,0,0,0,0,0,0,0,0,0,0,0,79,0,0,0,0,0,0,0,0,0,0,0,0,0,0,0,0
"513","Scyliorhinus",0,0,60,0,64,0,188,58,62,60,57,66,129,65,0,0,0,0,0,0,135,0,88,0,0,97,0,0,0,64,54,0,0,0,0,0,62,0,0,0,0,0,58,0,0,0
"514","Sebastes",0,0,0,0,58,0,0,0,57,0,78,126,0,0,0,0,0,0,0,0,0,92,0,0,0,0,0,0,0,0,0,0,0,0,0,0,0,0,0,0,0,0,0,0,0,0
"515","Seladonia",0,0,0,0,0,0,0,0,0,0,0,0,0,0,0,0,0,0,0,0,0,0,0,0,0,0,0,0,0,61,0,0,0,0,0,0,0,0,0,0,0,0,0,0,0,0
"516","Sesia",0,0,0,0,0,0,0,0,0,0,0,0,0,0,0,0,0,0,0,0,0,0,0,0,0,0,0,0,0,74,0,0,0,0,0,0,0,0,0,0,0,0,0,0,0,0
"517","Sicus",0,0,0,0,0,0,0,0,0,0,0,0,77,0,0,116,0,0,0,0,0,0,0,0,0,51,67,0,55,247,0,0,0,0,0,0,0,0,0,0,0,0,0,0,0,0
"518","Silurus",0,0,54,0,70,56,0,0,0,0,75,60,195,0,120,300,66,0,0,0,0,69,54,0,0,67,86,0,175,226,0,0,0,0,0,0,0,0,0,0,0,0,91,0,52,0
"519","Sinocyclocheilus",0,0,0,0,50,0,0,0,0,0,0,0,0,0,0,0,0,0,0,0,0,0,0,0,0,0,59,0,0,0,0,0,0,0,0,0,0,0,0,0,0,0,51,0,0,0
"520","Siphlonurus",0,0,0,0,0,0,0,0,0,0,0,0,52,0,0,0,0,0,0,0,0,0,0,0,0,0,0,0,0,0,0,0,0,0,0,0,0,0,0,0,0,0,0,0,0,0
"521","Sitophilus",0,0,0,0,0,0,0,0,0,0,0,0,0,0,0,0,0,0,0,0,0,0,0,0,0,0,0,0,0,54,0,0,0,0,0,0,0,0,0,0,0,0,0,0,0,0
"522","Solea",0,0,0,0,0,0,0,0,0,0,0,0,95,0,60,126,0,0,0,0,0,0,0,0,0,0,57,0,86,255,0,0,0,0,0,0,0,0,0,0,0,0,0,0,0,0
"523","Solenopsis",0,0,0,0,0,0,0,0,0,0,0,0,0,0,0,52,0,0,0,0,0,0,0,0,0,0,0,0,0,99,0,0,0,0,0,0,0,0,0,0,0,0,0,0,0,0
"524","Somateria",0,0,0,0,0,0,0,0,0,0,0,0,56,0,0,0,0,0,0,0,0,0,0,0,0,0,0,0,0,64,0,0,0,0,0,0,0,0,0,0,0,0,0,0,0,0
"525","Sorex",0,0,91,0,114,0,0,0,0,0,103,106,0,68,191,0,73,0,0,0,0,96,83,60,0,99,180,0,0,0,63,0,77,0,0,0,0,59,0,50,0,0,114,0,53,0
"526","Sparus",0,0,0,0,0,0,0,0,0,0,0,0,68,0,52,0,0,0,0,0,0,0,166,0,0,0,60,0,0,62,0,0,0,0,0,0,0,0,0,0,0,0,0,0,0,0
"527","Sphaeramia",0,0,0,0,50,0,0,0,0,0,0,53,158,0,81,0,0,0,0,0,0,61,0,0,0,0,90,0,135,243,53,0,0,0,0,77,0,0,0,0,0,0,57,0,0,0
"528","Sphaerodactylus",0,0,0,0,78,0,0,0,0,0,0,0,0,0,0,0,0,0,0,0,0,67,0,0,0,52,57,0,0,0,0,0,0,0,0,0,0,0,0,0,0,0,0,0,0,0
"529","Sphecodes",0,0,0,0,0,0,0,0,0,0,0,0,58,0,0,100,0,0,0,0,0,0,0,0,0,0,51,0,0,255,0,0,0,0,0,0,0,0,0,0,0,0,0,0,0,0
"530","Spirometra",0,0,0,0,0,0,0,0,0,0,0,0,52,0,0,59,0,0,0,0,0,0,0,0,0,0,0,0,0,74,0,0,0,0,0,0,0,0,0,0,0,0,0,0,0,0
"531","Spisula",0,0,0,0,58,0,83,51,72,75,113,158,278,69,114,195,0,0,0,66,92,97,101,73,0,121,183,0,216,233,0,0,0,0,0,53,62,0,0,59,0,0,169,0,0,0
"532","Spodoptera",0,0,0,0,0,0,0,0,0,0,0,0,0,0,0,64,0,0,0,0,0,0,0,0,0,0,0,0,0,82,0,0,0,0,0,0,0,0,0,0,0,0,0,0,0,0
"533","Spongilla",0,0,0,0,0,0,0,0,0,0,0,0,0,0,0,0,0,0,0,0,0,0,0,0,0,0,0,0,0,50,0,0,0,0,0,0,0,0,0,0,0,0,0,0,0,0
"534","Squalius",0,0,0,0,0,0,0,0,0,0,0,0,88,0,50,0,0,0,0,0,0,0,0,0,0,0,0,0,75,130,0,0,0,0,0,0,0,0,0,0,0,0,0,0,0,0
"535","Stegostoma",0,0,52,0,55,0,0,0,0,0,0,0,0,0,0,0,0,0,0,0,0,0,0,0,0,0,55,0,0,0,0,0,0,0,0,58,0,0,0,0,0,0,0,0,0,0
"536","Steromphala",0,0,269,274,677,958,1330,1196,2572,1680,3220,5889,7771,2244,7004,8509,1821,73,494,389,1218,10348,2225,1040,441,5013,5696,886,9991,4939,181,270,1236,2485,1949,2726,3879,2481,1024,1345,1568,5546,32179,16785,1039,0
"537","Sthenelais",0,0,0,0,0,0,55,0,0,0,91,79,85,0,0,90,0,0,0,0,0,0,0,0,0,0,67,0,0,53,0,0,0,0,0,0,0,0,0,0,0,0,0,0,0,0
"538","Stomoxys",0,0,0,0,0,0,0,0,0,0,0,0,77,0,0,89,0,0,0,0,0,0,0,0,0,0,0,0,63,90,0,0,0,0,0,0,0,0,0,0,0,0,0,0,0,0
"539","Streptopelia",0,0,0,0,0,0,0,0,0,0,0,0,0,0,0,0,0,0,0,0,0,0,0,0,0,0,0,0,0,76,0,0,0,0,0,0,0,0,0,0,0,0,0,0,0,0
"540","Strigamia",0,0,0,0,0,0,0,0,0,0,0,0,0,0,0,0,0,0,0,0,0,0,0,0,0,0,0,0,0,102,0,0,0,0,0,0,0,0,0,0,0,0,0,0,0,0
"541","Strongylocentrotus",0,0,96,61,106,81,269,185,178,238,653,3445,1053,189,354,640,1711,0,56,74,288,1749,707,162,150,799,780,0,572,861,0,0,0,55,60,65,94,0,0,0,0,0,137,0,0,164
"542","Styela",0,0,0,0,0,0,0,0,0,0,0,0,0,0,0,0,0,0,0,0,0,0,0,0,0,0,0,0,0,0,0,0,0,0,0,0,0,0,0,0,0,0,98,0,0,0
"543","Stylophora",0,0,0,0,0,0,0,0,0,0,0,0,0,0,0,0,0,0,0,0,0,0,0,0,0,0,0,0,0,93,0,0,0,0,0,0,0,0,0,0,0,0,0,0,0,0
"544","Suillia",0,0,0,0,0,0,0,0,0,0,0,0,0,0,0,0,0,0,0,0,0,0,0,0,0,0,0,0,54,68,0,0,0,0,0,0,0,0,0,0,0,0,0,0,0,0
"545","Suncus",0,0,0,0,104,79,70,0,0,0,50,76,0,0,125,0,56,0,0,0,0,58,0,0,0,78,103,0,0,0,0,0,0,0,62,0,0,0,0,0,0,0,97,0,0,0
"546","Suricata",0,0,0,0,0,0,0,0,0,0,0,0,0,0,84,0,0,0,0,0,0,59,0,0,0,0,0,0,0,0,0,0,0,0,0,0,0,0,0,0,0,0,51,0,0,0
"547","Sus",1220,60,70,143,452,370,921,670,922,866,422,1808,2036,606,518,2667,1081,152,407,614,1019,359,1512,878,0,706,1218,0,624,795,56,0,645,640,650,542,948,885,612,352,956,191,553,1992,1546,527
"548","Sylvilagus",0,0,0,0,0,0,0,0,0,0,0,0,123,0,0,0,0,0,0,0,0,0,0,0,0,0,0,0,138,196,0,0,0,0,0,0,0,0,0,0,0,0,0,0,0,0
"549","Symphodus",0,0,0,0,0,0,0,0,0,0,0,0,62,0,0,0,0,0,0,0,0,0,0,0,0,67,0,0,0,117,0,0,0,0,0,0,0,0,0,0,0,0,0,0,0,0
"550","Synanthedon",0,0,0,0,0,0,0,0,0,0,0,0,81,0,0,59,0,0,0,0,0,0,0,0,0,0,63,0,0,127,0,0,0,0,0,0,0,0,0,0,0,0,0,0,0,0
"551","Syngnathus",0,0,0,0,0,0,0,0,0,0,0,0,0,0,0,0,0,0,0,0,0,0,0,0,0,0,0,0,0,136,0,0,0,0,0,0,0,0,0,0,0,0,0,0,0,0
"552","Tachysurus",0,0,0,0,67,56,0,0,0,0,0,51,0,0,0,0,0,0,0,0,0,0,0,0,0,61,59,0,0,0,0,0,0,0,0,0,0,0,0,0,0,0,55,0,0,0
"553","Takifugu",0,0,0,0,0,0,0,0,0,0,0,0,78,0,0,0,0,0,0,0,0,0,0,0,0,0,0,0,56,151,0,0,0,0,0,0,0,0,0,0,0,0,0,0,0,0
"554","Taurulus",0,0,64,0,109,104,172,183,179,253,393,507,1042,295,420,846,67,0,66,75,241,1030,4421,120,0,436,709,76,592,443,0,0,0,62,84,0,73,75,0,0,226,0,175,0,198,61
"555","Teleopsis",0,0,0,0,0,0,0,0,0,0,0,0,0,0,0,0,0,0,0,0,0,0,0,0,0,0,0,0,0,75,0,0,0,0,0,0,0,0,0,0,0,0,0,0,0,0
"556","Telmatherina",0,0,62,0,0,0,0,0,0,0,0,0,120,0,55,161,0,0,0,0,0,0,0,0,0,0,72,0,77,444,0,0,0,0,0,0,0,0,0,0,0,0,0,0,0,0
"557","Temora",0,0,0,0,0,0,73,0,0,0,90,0,124,0,0,0,0,0,0,0,0,0,0,0,0,0,0,0,0,323,0,0,0,0,0,0,0,0,0,0,0,0,0,0,0,0
"558","Tenthredo",0,0,0,0,0,0,0,0,0,0,0,0,77,0,0,86,0,0,0,0,0,0,0,0,0,0,53,0,58,111,0,0,0,0,0,0,0,0,0,0,0,0,0,0,0,0
"559","Terebella",0,0,0,0,0,0,0,0,0,0,0,62,79,0,0,0,0,0,0,0,0,0,0,0,0,0,51,0,0,0,0,0,0,0,0,0,0,0,0,0,0,0,81,0,0,0
"560","Tetramorium",0,0,0,0,0,0,0,0,0,0,0,0,0,0,0,0,0,0,0,0,0,0,0,0,0,0,0,0,0,71,0,0,0,0,0,0,0,0,0,0,0,0,0,0,0,0
"561","Tetrao",0,0,0,0,0,0,0,0,0,0,0,0,0,0,0,0,0,0,0,0,0,0,0,0,0,0,0,0,0,53,0,0,0,0,0,0,0,0,0,0,0,0,0,0,0,0
"562","Thalassophryne",0,0,0,0,0,0,0,0,0,0,0,0,51,0,0,0,0,0,0,0,0,0,0,0,0,0,0,0,0,87,0,0,0,0,0,0,0,0,0,0,0,0,56,0,0,0
"563","Thamnophis",0,0,0,0,95,0,0,0,0,0,0,53,0,0,56,0,0,0,0,0,0,66,0,0,0,72,86,0,0,0,0,0,0,0,0,0,0,0,0,0,0,0,90,0,0,0
"564","Thelaira",0,0,0,0,0,0,0,0,0,0,0,0,0,0,0,0,0,0,0,0,0,0,0,0,0,0,0,0,0,66,0,0,0,0,0,0,0,0,0,0,0,0,0,0,0,0
"565","Thrips",0,0,0,0,0,0,0,0,0,0,0,0,80,0,70,101,0,0,0,0,0,0,0,0,0,0,69,0,83,796,0,0,0,0,0,0,0,0,0,0,0,0,0,0,0,0
"566","Thunnus",0,0,0,0,0,0,0,0,0,0,0,0,114,0,0,139,0,0,0,0,0,0,0,0,0,0,53,0,69,187,0,0,0,0,0,0,0,0,0,0,0,0,0,0,0,0
"567","Thymelicus",0,0,0,0,0,0,0,0,0,0,0,0,0,0,0,0,0,0,0,0,0,0,0,0,0,0,0,0,0,82,0,0,0,0,0,0,0,0,0,0,0,0,0,0,0,0
"568","Timandra",0,0,0,0,0,0,0,0,0,0,0,0,0,0,0,0,0,0,0,0,0,0,0,0,0,0,0,0,0,57,0,0,0,0,0,0,0,0,0,0,0,0,0,0,0,0
"569","Timema",0,0,70,0,74,0,0,0,54,0,60,87,275,0,159,390,65,0,51,0,53,142,63,0,0,95,160,0,210,397,73,0,0,0,0,80,0,0,0,0,0,68,85,0,115,0
"570","Tinea",0,0,0,0,0,0,0,0,0,0,0,0,0,0,0,53,0,0,0,0,0,0,0,0,0,0,0,0,0,57,0,0,0,0,0,0,0,0,0,0,0,0,0,0,0,0
"571","Topomyia",0,0,0,59,55,0,54,0,0,0,0,58,171,0,100,132,0,0,0,0,0,0,0,0,0,51,91,0,67,609,0,0,0,0,0,0,0,0,0,0,0,0,59,0,0,0
"572","Toxorhynchites",0,0,0,0,0,0,0,0,0,0,0,0,62,0,0,79,0,0,0,0,0,0,0,0,0,0,55,0,51,126,0,0,0,0,0,0,0,0,0,0,0,0,0,0,0,0
"573","Trachurus",0,0,0,0,0,0,0,0,54,0,0,65,1030,82,79,210,0,0,0,0,0,0,88,0,0,0,77,0,83,140,0,0,0,0,0,0,0,0,0,0,0,0,0,0,0,0
"574","Trachymyrmex",0,0,0,0,0,0,0,0,0,0,0,0,0,0,0,0,0,0,0,0,0,0,0,0,0,0,0,0,54,98,0,0,0,0,0,0,0,0,0,0,0,0,0,0,0,0
"575","Trichosurus",0,0,52,0,74,0,0,0,0,0,0,69,0,0,95,0,0,0,0,0,0,63,52,0,0,60,107,0,0,0,0,0,0,0,0,0,0,52,0,0,0,0,84,0,0,0
"576","Tridacna",0,0,0,0,59,0,0,0,0,0,0,0,89,0,65,115,0,0,0,0,0,0,0,0,0,0,72,0,116,123,0,0,0,0,0,0,0,0,0,0,0,0,127,0,0,0
"577","Tuberolachnus",0,0,0,0,0,0,0,0,0,0,0,0,0,0,0,0,0,0,0,0,0,0,0,0,0,0,0,0,51,73,0,0,0,0,0,0,0,0,0,0,0,0,0,0,0,0
"578","Tupaia",0,0,0,0,0,0,0,0,0,0,0,52,0,0,0,0,0,0,0,0,0,0,0,0,0,0,91,0,0,0,0,0,0,0,0,0,0,0,0,0,0,0,0,0,0,0
"579","Uranotaenia",0,0,53,0,81,59,66,51,69,66,110,89,237,0,167,274,60,53,62,73,62,171,82,50,0,94,127,0,126,597,0,0,0,64,59,55,0,0,0,0,0,58,97,0,0,0
"580","Urocitellus",0,0,0,0,0,0,0,0,0,0,0,0,0,0,58,0,0,0,0,0,0,0,0,0,0,0,55,0,0,0,0,0,0,0,0,0,0,0,0,0,0,0,0,0,0,0
"581","Ursus",0,0,0,0,0,0,0,0,0,0,0,0,0,0,60,0,0,0,0,0,0,0,0,0,0,0,0,0,0,0,0,0,0,0,0,0,0,0,0,0,0,0,0,0,0,0
"582","Vanessa",0,0,0,0,0,0,0,0,0,0,0,0,60,0,0,0,0,0,0,0,0,0,0,0,0,0,0,0,0,62,0,0,0,0,0,0,0,0,0,0,0,0,0,0,0,0
"583","Vespa",0,0,0,0,68,0,0,0,0,53,55,70,249,0,144,374,73,0,0,0,0,84,63,69,0,101,169,0,265,361,0,0,0,0,0,88,0,0,0,0,0,0,102,116,0,0
"584","Vespula",0,0,0,0,52,0,0,0,0,0,0,0,165,0,89,227,0,0,0,0,0,0,0,0,0,64,93,0,168,270,0,0,0,0,0,75,0,0,0,0,0,0,55,57,0,0
"585","Villa",0,0,0,0,0,0,0,0,0,0,0,0,0,0,0,0,0,0,0,0,0,0,0,0,0,0,0,0,0,70,0,0,0,0,0,0,0,0,0,0,0,0,0,0,0,0
"586","Vipera",0,0,0,0,0,0,0,0,0,0,0,0,0,0,0,76,0,0,0,0,0,0,0,0,0,0,0,0,0,73,0,0,0,0,0,0,0,0,0,0,0,0,0,0,0,0
"587","Vombatus",0,0,0,0,0,0,0,0,0,0,0,72,0,0,83,0,0,0,0,0,0,72,0,0,0,50,0,0,0,0,0,0,0,0,0,0,0,0,0,0,0,0,51,0,0,0
"588","Vulpes",0,0,0,0,0,0,0,0,0,0,0,0,0,0,78,0,0,0,0,0,0,0,0,0,0,0,59,0,0,0,0,0,0,0,0,0,0,0,0,0,0,0,0,0,0,0
"589","Wasmannia",0,0,0,0,0,0,0,0,0,0,0,0,0,0,0,59,0,0,0,0,0,0,0,0,0,0,0,0,0,80,0,0,0,0,0,0,0,0,0,0,0,0,0,0,0,0
"590","Wyeomyia",0,0,0,0,0,0,0,0,0,0,0,0,68,0,0,61,0,0,0,0,0,0,0,0,0,0,0,0,0,74,0,0,0,0,0,0,0,0,0,0,0,65,0,0,0,0
"591","Xenopus",0,0,65,0,76,90,0,0,63,52,72,106,0,0,60,0,52,0,0,0,0,76,77,0,0,83,95,0,0,0,0,0,54,0,90,0,65,51,0,0,0,0,122,0,152,0
"592","Xestia",0,0,0,0,0,54,50,0,0,0,0,51,104,0,67,90,0,0,0,0,0,67,0,0,0,0,73,0,76,176,0,0,0,0,0,0,0,0,0,0,0,52,56,0,0,0
"593","Xyrauchen",0,0,0,0,0,0,0,0,0,0,0,0,0,0,0,0,0,0,0,0,0,0,0,0,0,60,0,0,0,0,0,0,0,0,0,0,0,0,0,0,0,0,54,0,0,0
"594","Ylistrum",0,0,0,0,0,0,0,0,0,0,0,0,0,0,0,66,0,0,0,0,0,0,0,0,0,0,0,0,70,53,0,0,0,0,0,0,0,0,0,0,0,0,0,0,0,0
"595","Yponomeuta",0,0,0,0,0,0,0,0,0,0,0,0,108,0,56,123,0,0,0,0,0,52,0,0,0,0,57,0,68,153,0,0,0,0,0,0,0,0,0,0,0,0,0,0,0,0
"596","Ypsolopha",0,0,0,0,0,0,0,0,0,0,0,0,67,0,0,66,0,0,0,0,0,0,0,0,0,0,0,0,0,93,0,0,0,0,0,0,0,0,0,0,0,0,0,0,0,0
"597","Zeugodacus",0,0,0,0,0,0,0,0,0,0,0,0,55,0,0,62,0,0,0,0,0,0,0,0,0,0,0,0,0,50,0,0,0,0,0,0,0,0,0,0,0,0,0,0,0,0
