"","ExrNTC_S49","WP2-001_S1","WP2-002_S2","WP2-003_S3","WP2-004_S4","WP2-005_S5","WP2-006_S6","WP2-007_S7","WP2-008_S8","WP2-009_S9","WP2-010_S10","WP2-011_S11","WP2-012_S12","WP2-013_S13","WP2-014_S14","WP2-016_S16","WP2-017_S17","WP2-018_S18","WP2-019_S19","WP2-020_S20","WP2-021_S21","WP2-022_S22","WP2-023_S23","WP2-024_S24","WP2-025_S25","WP2-026_S26","WP2-027_S48","WP2-029_S29","WP2-030_S30","WP2-031_S31","WP2-032_S32","WP2-033_S33","WP2-034_S34","WP2-035_S35","WP2-036_S36","WP2-037_S37","WP2-038_S38","WP2-039_S39","WP2-040_S40","WP2-041_S41","WP2-042_S42","WP2-043_S43","WP2-044_S44","WP2-045_S45","WP2-046_S46"
"Acanthopagrus",0,0,0,0,0,0,0,0,0,0,0,0,0,0,133,0,0,0,0,0,0,0,0,0,0,0,0,0,0,0,0,0,0,0,0,0,0,0,0,0,0,0,0,0,0
"Accipiter",0,0,0,0,0,0,0,0,0,0,0,0,0,0,120,0,0,0,0,0,0,0,0,0,0,0,0,0,0,0,0,0,0,0,0,0,0,0,0,0,0,0,0,0,0
"Acholoe",0,0,0,0,0,0,0,0,0,0,0,181,0,0,0,0,0,0,0,209,0,0,108,0,0,0,0,141,115,0,0,0,0,0,0,0,0,0,0,0,0,183,0,0,0
"Acipenser",0,0,0,0,0,0,0,0,0,0,0,185,0,110,365,0,0,0,0,0,0,0,0,0,0,108,0,161,301,0,0,0,0,0,0,0,0,0,0,0,0,0,0,0,0
"Acleris",0,0,0,0,0,0,0,0,0,0,0,0,0,0,0,0,0,0,0,0,0,0,0,0,0,0,0,0,144,0,0,0,0,0,0,0,0,0,0,0,0,0,0,0,0
"Acomys",0,0,0,0,0,0,0,0,0,0,0,280,0,140,377,0,0,0,0,0,0,0,0,0,108,122,0,231,399,0,0,0,0,0,0,0,0,0,0,0,0,127,0,0,0
"Acrobasis",0,0,0,0,0,0,0,0,0,0,0,0,0,0,0,0,0,0,0,0,0,0,0,0,0,0,0,0,128,0,0,0,0,0,0,0,0,0,0,0,0,0,0,0,0
"Acrocephalus",0,0,0,0,0,0,0,0,0,0,0,0,0,0,0,0,0,0,0,0,0,0,0,0,0,0,0,0,163,0,0,0,0,0,0,0,0,0,0,0,0,0,0,0,0
"Actinia",0,0,0,0,0,0,0,0,0,0,0,123,0,0,0,0,0,0,0,0,0,0,0,0,0,0,0,0,0,0,0,0,0,0,0,0,0,0,0,0,0,0,0,0,0
"Aedes",0,0,0,107,0,0,0,0,0,0,102,226,0,146,235,0,0,0,0,0,103,0,0,0,106,134,0,160,836,0,0,0,0,0,108,0,0,0,0,0,0,0,0,0,0
"Agriphila",0,0,0,0,0,0,0,0,0,0,0,0,0,0,0,0,0,0,0,0,0,0,0,0,0,0,0,0,4162,0,0,0,0,0,0,0,0,0,0,0,0,0,0,0,0
"Agrochola",0,0,0,0,0,0,0,0,0,0,0,0,0,0,0,0,0,0,0,0,0,0,0,0,0,0,0,0,123,0,0,0,0,0,0,0,0,0,0,0,0,0,0,0,0
"Alentia",0,0,0,0,0,0,136,111,163,199,342,666,0,116,0,0,0,0,0,130,351,242,0,0,259,176,0,154,297,0,0,0,0,0,0,0,0,0,0,0,0,0,0,0,0
"Alitta",0,0,0,0,0,0,0,0,0,0,0,145,0,0,160,149,0,0,0,0,0,0,0,0,0,0,0,106,612,0,0,0,0,0,0,0,0,0,0,0,0,0,0,0,0
"Alloplasta",0,0,0,0,0,0,0,0,0,0,0,0,0,0,115,0,0,0,0,0,0,0,0,0,0,0,0,0,209,0,0,0,0,0,0,0,0,0,0,0,0,0,0,0,0
"Alosa",0,0,0,0,0,0,0,0,0,0,0,0,0,544,0,0,0,0,0,0,0,0,0,0,0,200,0,0,0,0,0,0,0,0,0,0,0,0,0,0,0,0,0,221,0
"Alsophila",0,0,0,0,0,0,0,0,0,0,0,0,0,0,0,0,0,0,0,0,0,0,0,0,0,0,0,0,191,0,0,0,0,0,0,0,0,0,0,0,0,0,0,0,0
"Amblyraja",0,0,0,114,0,0,0,0,0,0,0,0,0,0,0,0,0,0,0,0,0,0,0,0,0,0,0,0,0,0,0,0,0,0,0,0,0,0,0,0,0,0,0,0,0
"Amblyteles",0,0,0,0,0,0,0,0,0,0,0,0,0,0,126,0,0,0,0,0,0,0,0,0,0,0,0,0,100,0,0,0,0,0,0,0,0,0,0,0,0,0,0,0,0
"Ammodytes",0,563,320,528,201,372,336,647,1034,3040,2067,1711,496,1232,0,660,0,159,193,1604,533,180,0,0,1157,802,0,2063,3900,0,0,120,115,0,145,185,157,0,0,143,0,141,306,315,0
"Amphibalanus",0,0,0,0,0,0,0,0,0,0,0,127,0,103,139,0,0,0,0,0,0,0,0,0,0,114,0,0,144,0,0,0,0,0,0,0,0,0,0,0,0,288,0,0,0
"Amphiduros",0,0,0,0,0,0,0,0,0,0,0,0,0,0,0,0,0,0,0,0,0,0,0,0,0,0,0,0,149,0,0,0,0,0,0,0,0,0,0,0,0,0,0,0,0
"Anarrhichthys",0,0,0,0,0,0,0,0,0,0,0,0,0,0,0,0,0,0,0,0,0,0,0,0,0,0,0,0,0,0,0,0,0,0,0,0,0,0,0,0,0,0,0,138,0
"Andrena",0,0,0,0,0,0,0,0,0,0,0,142,0,138,141,0,0,0,0,0,0,0,0,0,0,164,0,0,594,0,0,0,0,0,0,0,0,0,0,0,0,0,0,0,0
"Anisus",0,0,0,307,0,0,0,0,0,0,0,124,0,0,0,0,0,0,0,0,0,0,0,0,0,0,0,103,258,0,0,0,0,0,0,0,0,0,0,0,0,0,0,0,0
"Anopheles",0,0,0,0,0,0,0,0,0,0,0,205,0,137,207,0,0,0,0,0,0,0,0,0,0,110,0,144,369,0,0,0,0,0,171,0,0,0,0,0,0,0,0,0,0
"Anoplius",0,0,0,0,0,0,0,0,0,0,0,0,0,0,0,0,0,0,0,0,0,0,0,0,0,0,0,0,201,0,0,0,0,0,0,0,0,0,0,0,0,0,0,0,0
"Antechinus",0,0,0,0,0,0,0,0,0,0,0,0,0,118,0,0,0,0,0,0,0,0,0,0,0,115,0,0,0,0,0,0,0,0,0,0,0,0,0,0,0,0,0,0,0
"Apamea",0,0,0,0,0,0,0,0,0,0,0,0,0,0,0,0,0,0,0,0,0,0,0,0,0,0,0,0,126,0,0,0,0,0,0,0,0,0,0,0,0,0,0,0,0
"Apeira",0,0,0,0,0,0,0,0,0,0,0,0,0,0,0,0,0,0,0,0,0,0,0,0,0,0,0,0,114,0,0,0,0,0,0,0,0,0,0,0,0,0,0,0,0
"Apis",0,0,0,0,0,0,0,0,0,0,0,125,0,0,116,0,0,0,0,0,0,0,0,0,0,0,0,114,131,0,0,0,0,0,0,0,0,0,0,0,0,0,0,0,0
"Aplidium",0,0,0,101,0,101,0,128,0,0,105,189,0,136,209,128,0,0,0,0,0,0,0,0,316,366,0,600,318,0,106,142,170,119,136,131,0,0,0,0,0,537,355,0,134
"Aplysia",0,0,0,111,0,0,0,0,0,0,0,244,0,134,539,0,0,0,0,0,106,0,135,0,0,145,0,334,501,0,0,0,0,0,0,0,0,0,0,0,0,0,0,0,0
"Apodemus",0,0,0,0,0,0,0,0,0,0,0,0,0,134,147,0,0,0,0,0,0,0,0,0,0,118,0,0,152,0,0,0,0,0,0,0,0,0,0,0,0,0,0,0,0
"Argentina",0,0,0,0,0,0,0,0,0,0,0,264,0,0,0,0,0,0,0,0,0,0,0,0,0,0,0,195,339,0,0,0,0,0,0,0,0,0,0,0,0,0,0,0,0
"Argyrosomus",0,0,0,0,0,0,0,0,0,0,0,0,0,0,0,0,0,0,0,0,0,0,0,0,0,0,0,0,131,0,0,0,0,0,0,0,0,0,0,0,0,0,0,0,0
"Arvicanthis",0,0,0,0,0,0,0,0,0,0,0,0,0,132,0,0,0,0,0,0,0,0,0,0,0,102,0,0,0,0,0,0,0,0,0,0,0,0,0,0,0,0,0,0,0
"Ascidia",0,3058,2230,5850,3595,3290,1723,3132,3998,3347,921,6109,2006,170,0,0,267,1902,553,1300,799,1263,699,234,1930,1614,0,0,0,2986,1924,6895,5592,3709,2508,4204,1463,639,807,976,1170,102,100,0,0
"Asterias",0,188,110,242,225,358,277,435,611,1111,1740,3743,1204,3256,4667,4209,0,152,121,920,2069,1639,593,336,3519,4813,432,4473,3938,0,0,142,201,195,249,532,500,194,254,501,1879,7526,4216,496,0
"Bactrocera",0,0,0,0,0,0,0,0,0,0,0,0,0,0,0,0,0,0,0,0,0,0,0,0,0,0,0,0,122,0,0,0,0,0,0,0,0,0,0,0,0,0,0,0,0
"Balaenoptera",0,0,0,0,0,0,0,7595,121,0,240,281,0,232,0,0,0,0,0,120,0,2923,336,0,203,208,0,141,0,0,0,0,0,0,0,0,0,0,0,0,0,0,0,0,0
"Barbus",0,0,0,0,0,0,0,0,0,0,0,0,0,0,142,0,0,0,0,0,0,0,0,0,0,0,0,0,108,0,0,0,0,0,0,0,0,0,0,0,0,0,0,0,0
"Belonocnema",0,0,0,0,0,0,0,0,0,0,0,0,0,0,0,0,0,0,0,0,0,0,0,0,0,145,0,0,0,0,0,0,0,0,0,0,0,0,0,0,0,0,0,0,0
"Bemisia",0,0,0,0,0,0,0,0,0,0,0,0,0,0,114,0,0,0,0,0,0,0,0,0,0,0,0,0,308,0,0,0,0,0,0,0,0,0,0,0,0,0,0,0,0
"Bimastos",0,0,0,0,0,0,0,0,0,0,0,151,0,0,0,0,0,0,0,0,0,0,0,0,0,0,0,117,369,0,0,0,0,0,0,0,0,0,0,0,0,0,0,0,0
"Biomphalaria",0,0,0,0,0,0,0,0,0,0,0,107,0,0,124,0,0,0,0,0,0,0,0,0,0,0,0,0,201,0,0,0,0,0,0,0,0,0,0,0,0,0,0,0,0
"Boleophthalmus",0,0,0,0,0,0,0,0,0,0,0,0,0,0,0,0,0,0,0,0,133,0,0,0,0,100,0,0,0,0,0,0,0,0,0,0,0,0,0,0,0,0,0,0,0
"Bombina",0,0,0,118,112,0,0,0,0,0,116,0,0,0,0,0,0,0,0,0,109,0,0,0,141,147,0,0,0,0,0,0,108,100,110,0,0,0,0,0,104,171,0,149,0
"Bombus",0,0,0,0,0,0,0,0,0,0,0,0,0,0,160,0,0,0,0,0,0,0,0,0,0,0,0,0,401,0,0,0,0,0,0,0,0,0,0,0,0,0,0,0,0
"Borostomias",0,0,0,103,0,0,0,0,0,0,0,268,0,122,0,0,0,0,0,0,105,0,0,0,0,112,0,192,433,0,0,0,0,0,0,0,0,0,0,0,0,0,0,0,0
"Bos",0,0,0,0,0,0,0,0,0,0,0,165,0,0,0,0,0,0,0,0,0,0,0,0,0,0,0,0,0,0,0,0,0,0,0,0,0,0,0,0,0,0,0,0,0
"Botryllus",0,0,0,178,0,0,0,0,0,0,0,0,0,0,0,0,0,0,0,0,0,0,0,0,0,0,0,0,0,0,0,105,114,0,0,0,0,0,0,0,0,122,0,0,0
"Branchellion",0,0,131,0,0,0,0,0,0,0,0,341,0,170,0,0,0,0,0,0,148,0,115,0,157,216,0,333,894,0,0,0,0,0,0,0,0,0,0,0,0,0,0,0,0
"Branchiostoma",0,0,0,0,0,0,0,0,0,0,0,0,0,0,0,0,0,0,0,0,0,0,0,0,0,0,0,0,120,0,0,0,0,0,0,0,0,0,0,0,0,0,0,0,0
"Bugulina",0,0,0,0,0,0,0,0,0,0,0,0,0,0,0,0,0,0,0,0,0,0,0,0,0,0,0,0,112,0,0,0,0,0,0,0,0,0,0,0,0,0,0,0,0
"Caenorhabditis",0,0,0,0,0,0,0,0,0,0,0,137,0,0,137,0,0,0,0,0,0,0,0,0,0,0,0,101,310,0,0,0,0,0,0,0,0,0,0,0,0,0,0,0,0
"Caligus",0,0,0,0,0,0,0,0,0,0,0,143,2890,0,0,158,0,0,0,0,0,0,133,0,109,0,0,0,0,0,0,0,0,0,0,0,0,0,0,0,0,0,0,1316,0
"Canis",0,0,0,0,0,0,0,0,0,0,0,601,0,0,737,0,0,0,0,0,0,0,0,0,0,0,0,382,227,0,0,0,0,0,0,0,0,0,0,0,0,0,0,7933,0
"Capitulum",0,0,0,0,0,0,0,0,0,0,0,0,0,0,0,0,0,0,0,0,0,0,0,0,0,0,0,0,101,0,0,0,0,0,0,0,0,0,0,134,0,0,0,0,0
"Carcharodon",0,114,0,0,0,133,0,0,0,110,525,0,0,0,0,0,0,0,0,146,129,441,0,0,0,111,0,0,0,0,0,0,0,0,193,0,0,0,0,0,0,119,0,0,0
"Cephus",0,0,0,0,0,0,0,0,0,0,0,124,0,0,142,0,0,0,0,0,0,0,0,0,0,0,0,100,0,0,0,0,0,0,0,0,0,0,0,0,0,0,0,0,0
"Cerastoderma",0,0,0,0,0,0,0,0,0,0,171,301,0,166,0,0,0,0,0,0,479,0,0,0,112,161,0,283,200,0,0,0,0,0,0,0,0,0,0,0,231,1160,1327,0,0
"Ceratosolen",0,0,0,0,0,0,0,0,0,0,0,0,0,0,0,0,0,0,0,0,0,0,0,0,0,0,0,0,165,0,0,0,0,0,0,0,0,0,0,0,0,0,0,0,0
"Cervus",0,0,0,0,0,0,0,0,0,0,0,0,0,0,140,0,0,0,0,0,0,0,0,0,0,0,0,0,0,0,0,0,0,0,0,0,0,0,0,0,0,0,0,0,0
"Chanos",0,0,0,0,0,0,0,0,0,0,0,141,0,0,0,0,0,0,0,0,0,0,0,0,0,0,0,116,189,0,0,0,0,0,0,0,0,0,0,0,0,0,0,0,0
"Cherax",0,374,192,271,202,196,118,164,162,226,290,1120,173,574,1301,208,189,168,146,198,418,237,220,0,381,514,0,854,1960,244,146,212,222,226,237,125,111,0,0,102,139,356,0,407,0
"Chrysolina",0,0,0,0,0,0,0,0,0,114,146,246,0,137,123,0,0,0,0,0,0,0,0,0,104,138,0,199,422,0,0,0,0,0,106,0,0,0,0,0,0,0,0,0,0
"Ciona",0,154,178,197,252,328,201,207,301,964,1321,683,180,317,189,0,0,0,0,121,562,156,0,0,320,318,0,0,0,0,0,196,292,134,114,0,0,0,0,0,820,1934,1961,0,0
"Clavelina",0,0,0,0,0,0,0,0,0,0,0,0,109,0,0,0,0,0,0,0,0,0,0,0,0,0,0,0,0,0,0,0,0,0,0,0,0,0,0,0,0,0,0,0,0
"Clupea",0,940,695,3495,2581,5360,5769,15515,26302,37118,37991,10758,49771,75859,11033,7905,238,1888,2002,22760,13294,19866,8121,10777,63990,97770,4937,4916,3955,305,249,740,1797,1459,2233,6110,4291,2447,4787,10573,3970,25000,6404,5553,0
"Coelioxys",0,0,0,0,0,0,0,0,0,0,0,0,0,0,0,0,0,0,0,0,0,0,0,0,0,0,0,0,104,0,0,0,0,0,0,0,0,0,0,0,0,0,0,0,0
"Coelopa",0,0,0,0,0,0,0,0,0,0,0,0,0,0,0,0,0,0,0,0,0,0,0,0,0,0,0,0,104,0,0,0,0,0,0,0,0,0,0,0,0,0,0,0,0
"Coleophora",0,0,0,0,0,0,0,0,0,0,0,0,0,0,0,0,0,0,0,0,0,0,0,0,0,0,0,0,128,0,0,0,0,0,0,0,0,0,0,0,0,0,0,0,0
"Conops",0,0,0,0,0,0,0,0,0,0,0,0,0,0,0,0,0,0,0,0,0,0,0,0,0,0,0,0,112,0,0,0,0,0,0,0,0,0,0,0,0,0,0,0,0
"Coregonus",0,113,0,100,0,0,0,0,0,0,142,230,0,165,0,102,0,0,0,0,124,0,0,0,140,202,0,178,418,0,0,0,0,0,0,0,0,0,0,0,0,141,0,0,0
"Corythucha",0,0,0,0,0,0,0,0,0,0,0,0,0,0,864,0,0,0,0,0,0,0,0,0,0,0,0,0,0,0,0,0,0,0,0,0,0,0,0,0,0,0,0,0,0
"Cottoperca",0,0,0,0,0,0,0,0,0,0,0,152,0,0,0,0,0,0,0,0,0,0,0,0,0,0,0,0,208,0,0,0,0,0,0,0,0,0,0,0,0,0,0,0,0
"Crambus",0,0,0,0,0,0,0,0,0,0,0,0,0,0,0,0,0,0,0,0,0,0,0,0,0,136,0,0,128,0,0,0,0,0,0,0,0,0,0,0,0,0,0,0,0
"Crassostrea",0,0,0,0,0,0,0,0,0,0,0,156,0,113,164,0,0,0,0,0,0,0,0,0,0,0,0,134,182,0,0,0,0,0,0,0,0,0,0,0,0,0,0,0,0
"Cricetulus",0,0,0,0,0,0,0,0,0,0,0,0,0,105,0,0,0,0,0,0,0,0,0,0,0,0,0,0,0,0,0,0,0,0,0,0,0,0,0,0,0,0,0,0,0
"Cryptosula",0,0,0,0,0,0,0,0,0,0,0,234,0,114,187,0,0,0,0,0,124,136,0,0,0,138,0,119,447,0,0,0,0,0,0,0,0,0,0,0,0,0,0,0,0
"Ctenicera",0,0,0,0,0,0,0,0,0,0,0,0,0,0,0,0,0,0,0,0,0,0,0,0,0,0,0,0,104,0,0,0,0,0,0,0,0,0,0,0,0,0,0,0,0
"Ctenopharyngodon",0,0,0,0,0,0,0,0,0,0,0,0,0,0,0,0,0,0,0,0,0,0,0,0,0,0,0,0,0,0,0,0,0,0,0,0,0,0,0,0,0,0,0,101,0
"Culex",0,0,0,0,0,0,0,0,0,0,109,338,0,183,309,0,0,0,0,0,209,0,0,0,128,230,0,159,713,0,0,0,0,0,0,0,0,0,0,0,0,0,0,0,0
"Cyclopterus",0,0,0,0,0,0,0,0,0,136,277,0,105,175,0,129,0,0,0,0,284,128,0,0,108,112,0,0,0,0,0,0,0,0,0,0,0,0,0,0,0,242,223,0,0
"Cydia",0,0,0,0,0,0,0,0,0,0,0,0,0,0,0,0,0,0,0,0,0,0,0,0,0,0,0,0,214,0,0,0,0,0,0,0,0,0,0,0,0,0,0,0,0
"Cyprideis",0,570,552,263,529,323,274,208,115,240,269,375,340,2261,354,0,826,527,318,348,193,253,131,0,221,247,0,741,398,1251,794,241,1174,414,358,183,333,0,1071,1619,385,391,616,253,0
"Cyprinus",0,0,0,0,0,0,0,0,0,0,0,143,0,0,142,0,0,0,0,0,0,0,0,0,0,0,0,0,105,0,0,0,0,0,0,0,0,0,0,0,0,0,0,0,0
"Danio",0,106,101,282,184,147,0,106,0,145,170,633,101,344,770,111,0,0,110,120,205,133,151,0,221,323,0,612,1002,0,0,0,108,111,126,0,106,0,0,0,0,226,0,112,0
"Daphnia",0,0,0,0,0,0,0,0,0,0,0,0,0,0,0,0,0,0,0,441,0,0,0,0,0,0,0,0,0,0,0,0,0,0,0,0,0,0,0,0,0,0,0,0,0
"Darwinula",0,0,0,100,0,103,0,0,0,0,0,0,0,0,0,0,0,119,114,0,0,0,0,0,0,0,0,0,196,0,0,0,0,138,146,0,0,0,0,0,108,0,0,0,0
"Denticeps",0,0,0,0,0,0,0,0,0,0,0,0,0,0,0,0,0,0,0,0,0,0,0,0,0,0,0,0,150,0,0,0,0,0,0,0,0,0,0,0,0,0,0,0,0
"Dermacentor",0,112,0,131,0,0,0,0,0,0,0,229,0,118,261,0,0,0,0,0,0,0,0,0,117,135,0,191,581,105,0,0,0,0,108,0,0,0,0,0,0,117,0,0,0
"Diabrotica",0,0,0,0,0,0,0,0,0,0,0,0,0,0,0,0,0,0,0,0,0,0,0,0,0,0,0,0,114,0,0,0,0,0,0,0,0,0,0,0,0,0,0,0,0
"Diadumene",0,0,0,0,0,0,0,0,0,0,0,0,0,0,100,0,0,0,0,0,0,0,0,0,0,0,0,0,122,0,0,0,0,0,0,0,0,0,0,0,0,0,0,0,0
"Diaphorina",0,0,0,0,0,0,0,0,0,0,0,0,0,0,251,0,0,0,0,0,0,0,0,0,0,0,0,0,112,0,0,0,0,0,0,0,0,0,0,0,0,0,0,0,0
"Diarsia",0,0,0,0,0,0,0,0,0,0,0,124,0,0,0,0,0,0,0,0,0,0,0,0,0,0,0,150,0,0,0,0,0,0,0,0,0,0,0,0,0,0,0,0,0
"Dipodomys",0,0,0,0,0,0,0,0,0,0,0,0,0,169,0,0,0,0,0,0,0,0,0,0,0,133,0,0,0,0,0,0,0,0,0,0,0,0,0,0,0,103,0,0,0
"Dolichovespula",0,0,0,0,0,0,0,0,0,0,0,314,0,142,421,106,0,0,0,0,102,0,0,0,106,169,0,299,499,0,0,0,0,0,110,0,0,0,0,0,0,104,170,0,0
"Dreissena",0,0,0,0,0,0,0,0,0,0,108,374,0,166,325,0,0,0,0,0,261,0,0,0,123,219,0,308,401,0,0,0,0,0,131,0,0,0,0,114,0,257,0,0,0
"Dromiciops",0,0,0,0,0,0,0,0,0,0,0,0,0,134,0,0,0,0,0,0,0,0,0,0,0,100,0,0,0,0,0,0,0,0,0,0,0,0,0,0,0,0,0,0,0
"Drosophila",0,0,0,0,0,0,0,0,0,0,0,126,0,0,143,0,0,0,0,0,114,0,0,0,124,140,0,0,302,0,0,0,0,0,170,0,130,0,0,0,0,125,0,0,0
"Dufourea",0,0,0,0,0,0,0,0,0,0,0,0,0,0,0,0,0,0,0,0,0,0,0,0,0,0,0,0,563,0,0,0,0,0,0,0,0,0,0,0,0,0,0,0,0
"Ecdyonurus",0,0,0,0,0,0,0,0,0,0,0,125,0,0,0,0,0,0,0,0,0,0,0,0,0,0,0,128,160,0,0,0,0,0,0,0,0,0,0,0,0,0,0,0,0
"Ectemnius",0,0,0,0,0,0,0,0,0,0,0,0,0,0,0,0,0,0,0,0,0,0,0,0,0,0,0,0,106,0,0,0,0,0,0,0,0,0,0,0,0,0,0,0,0
"Eilema",0,0,0,0,0,0,0,0,0,0,0,0,0,0,0,0,0,0,0,0,0,0,0,0,0,0,0,0,133,0,0,0,0,0,0,0,0,0,0,0,0,0,0,0,0
"Electrona",0,0,0,0,0,0,0,0,0,0,0,170,0,0,0,0,0,0,0,0,0,0,0,0,0,0,0,172,427,0,0,0,0,0,0,0,0,0,0,0,0,0,0,0,0
"Erinaceus",0,0,0,0,0,0,0,0,0,0,0,0,0,100,0,0,0,0,0,0,0,0,0,0,0,101,0,0,0,0,0,0,0,0,0,0,0,0,0,0,0,0,0,0,0
"Eriocheir",0,134,0,204,166,123,0,0,134,184,223,821,115,374,1076,176,0,101,0,185,247,212,155,0,253,315,0,682,1049,101,0,101,106,141,156,0,177,0,0,0,0,288,0,0,0
"Eristalinus",0,0,0,0,0,0,0,0,0,0,0,0,0,0,0,0,0,0,0,0,0,0,0,0,0,0,0,0,137,0,0,0,0,0,0,0,0,0,0,0,0,0,0,0,0
"Eristalis",0,0,0,0,0,0,0,0,0,0,0,0,0,0,0,0,0,0,0,0,0,0,0,0,0,0,0,0,142,0,0,0,0,0,0,0,0,0,0,0,0,0,0,0,0
"Erithacus",0,0,0,0,0,0,0,0,0,0,0,0,0,0,0,0,0,0,0,0,0,0,0,0,0,0,0,0,187,0,0,0,0,0,0,0,0,0,0,0,0,0,0,0,0
"Eufriesea",0,0,0,0,0,0,0,0,0,0,0,0,0,0,0,0,0,0,0,0,0,0,0,0,0,0,0,0,263,0,0,0,0,0,0,0,0,0,0,0,0,0,0,0,0
"Eupithecia",0,0,0,0,0,0,0,0,0,0,0,145,0,0,0,0,0,0,0,0,0,0,0,0,0,103,0,120,318,0,0,0,0,0,0,0,0,0,0,0,0,0,0,0,0
"Eurytemora",0,0,0,0,0,0,0,0,0,139,0,289,0,208,247,0,0,0,0,0,126,0,0,0,104,179,0,123,895,0,0,0,0,0,0,0,0,0,0,0,0,0,0,0,0
"Exephanes",0,0,0,0,0,0,0,0,0,0,0,0,0,0,0,0,0,0,0,0,0,0,0,0,0,0,0,0,615,0,0,0,0,0,0,0,0,0,0,0,0,0,0,0,0
"Flustra",0,0,0,0,0,0,0,0,0,0,0,127,0,134,329,0,0,0,0,0,0,0,0,0,0,0,0,201,259,0,0,0,0,0,0,0,0,0,0,0,0,0,0,0,0
"Flustrellidra",0,0,0,0,0,0,0,0,0,0,0,0,0,0,0,0,0,0,0,0,0,0,0,0,0,0,0,0,0,0,0,0,0,0,0,0,0,0,0,0,0,183,141,0,0
"Fragum",0,0,0,0,0,0,0,0,0,0,0,129,0,0,102,0,0,0,0,0,0,0,0,0,0,115,0,155,166,0,0,0,0,0,0,0,0,0,0,0,0,0,0,0,0
"Frankliniella",0,0,0,0,0,0,0,0,0,0,0,0,0,0,0,0,0,0,0,0,0,0,0,0,0,0,0,0,464,0,0,0,0,0,0,0,0,0,0,0,0,0,0,0,0
"Fulmarus",0,0,0,0,0,0,0,0,0,0,0,0,0,0,0,0,0,0,0,0,0,0,0,0,0,0,0,0,0,0,0,0,119,0,0,0,0,0,0,0,0,0,0,0,0
"Gadus",0,169,0,196,177,197,149,234,264,454,755,2695,895,2539,0,953,0,103,119,377,2165,643,281,0,581,906,0,998,1084,0,0,100,115,126,133,140,175,0,0,220,179,459,371,210,0
"Gallus",0,0,0,0,0,131,0,0,152,104,206,440,0,0,401,368,0,0,0,227,0,493,193,0,0,258,0,339,167,0,0,0,0,0,0,0,320,0,0,144,0,0,0,364,0
"Gari",0,110,0,0,0,129,0,224,267,310,468,1736,280,958,1429,151,0,0,115,488,401,610,555,111,547,1123,0,2092,2886,0,0,0,0,0,0,110,0,0,154,266,193,881,508,0,0
"Gasterosteus",0,0,0,0,0,0,0,0,0,0,0,0,0,0,134,0,0,0,0,0,0,0,0,0,0,0,0,0,0,0,0,0,0,0,0,0,0,0,0,0,0,0,0,0,0
"Gavia",0,0,0,108,0,0,0,0,0,0,0,0,0,121,0,0,0,0,0,0,0,0,0,0,0,0,0,0,0,125,0,177,31610,155,152,267,0,0,0,0,0,261,0,0,0
"Gibbula",0,0,0,0,0,0,0,0,0,0,0,168,0,147,239,0,0,0,0,0,0,0,0,0,157,226,0,462,557,0,0,0,268,191,120,132,0,0,104,0,0,189,0,0,0
"Gigantopelta",0,0,0,0,0,0,0,0,0,0,0,248,0,118,276,0,0,0,0,0,109,0,0,0,0,0,0,161,297,0,0,0,0,0,0,0,0,0,0,0,0,101,0,0,0
"Glyphotaelius",0,0,0,0,0,0,0,0,0,0,0,0,0,0,0,0,0,0,0,0,0,0,0,0,0,0,0,0,157,0,0,0,0,0,0,0,0,0,0,0,0,0,0,0,0
"Gobio",0,0,0,0,0,0,0,0,0,0,0,116,0,0,0,0,0,0,0,0,0,0,0,0,0,0,0,0,200,0,0,0,0,0,0,0,0,0,0,0,0,0,0,0,0
"Gobius",0,0,0,0,0,0,0,0,0,0,0,192,0,0,0,0,0,0,0,0,0,0,0,0,0,0,0,114,370,0,0,0,0,0,0,0,0,0,0,0,0,0,0,0,0
"Gouania",0,0,0,0,0,0,0,0,0,0,0,0,0,0,0,0,0,0,0,0,0,0,0,0,0,0,0,0,128,0,0,0,0,0,0,0,0,0,0,0,0,0,0,0,0
"Gracilinanus",0,0,0,0,0,0,0,0,0,0,0,0,0,125,0,0,0,0,0,0,0,0,0,0,0,113,0,0,0,0,0,0,0,0,0,0,0,0,0,0,0,0,0,0,0
"Gymnogyps",0,0,0,0,0,0,0,0,0,0,0,0,0,0,0,0,0,0,0,0,0,0,0,0,0,0,0,0,0,0,0,0,151,0,0,0,0,0,0,0,0,0,0,0,0
"Habrosyne",0,0,0,0,0,0,0,0,0,0,0,0,0,0,0,0,0,0,0,0,0,0,0,0,0,0,0,0,139,0,0,0,0,0,0,0,0,0,0,0,0,0,0,0,0
"Halichoerus",0,0,0,0,0,0,0,126,128,282,257,0,356,319,247,0,0,0,0,336,11561,271,185,0,221,488,0,0,0,0,0,0,0,111,105,0,0,0,0,143,0,158,201,165,0
"Haliotis",0,0,0,177,0,0,0,0,0,0,0,223,0,130,259,0,0,0,0,0,0,0,0,0,0,128,0,202,935,0,0,0,0,0,0,0,0,0,0,0,0,0,0,0,0
"Harmothoe",0,0,0,164,0,231,118,304,333,558,622,1373,305,605,0,127,0,0,115,454,480,454,256,0,622,833,0,1301,1077,0,0,0,0,0,0,102,0,0,0,0,353,882,642,0,0
"Harpegnathos",0,0,0,0,0,0,0,0,0,0,0,0,0,0,0,0,0,0,0,0,0,0,0,0,0,0,0,0,218,0,0,0,0,0,0,0,0,0,0,0,0,0,0,0,0
"Helobdella",0,0,0,0,0,0,0,0,0,0,0,0,0,0,153,0,0,0,0,0,0,0,0,0,0,0,0,117,237,0,0,0,0,0,0,0,0,0,0,0,0,0,0,0,0
"Homarus",0,137,100,167,0,101,0,0,126,192,177,593,151,757,732,123,0,0,0,112,180,142,148,0,256,310,0,501,834,0,0,109,103,125,128,0,0,0,0,0,0,169,0,119,0
"Homo",760,0,0,0,0,15903,108,241,1218,104,212,3986,0,0,9495,956,118,0,0,390,0,212,0,0,0,513,0,4721,1460,0,0,177,0,0,142,104,0,0,0,494,331,0,210,172,0
"Hyalella",0,0,0,0,0,0,0,0,0,0,0,0,0,0,0,0,0,0,0,0,0,0,0,0,0,0,0,0,118,0,0,0,0,0,0,0,0,0,0,0,0,0,0,0,0
"Hydra",0,0,0,0,0,0,0,0,0,0,0,113,0,0,144,0,0,0,0,0,0,0,0,0,0,0,0,0,256,0,0,0,0,0,0,0,0,0,0,0,0,0,0,0,0
"Hydractinia",0,125,0,0,0,108,148,0,0,0,155,135,0,153,216,0,0,795,0,0,134,0,0,0,0,144,0,0,112,232,0,130,213,0,0,103,0,0,0,0,0,0,0,356,0
"Hyperoplus",0,0,0,118,0,127,152,214,286,751,585,623,274,278,0,104,0,0,0,342,167,190,0,0,357,226,0,373,567,0,0,0,0,0,0,114,106,0,0,0,0,0,117,0,0
"Ichneumon",0,0,0,0,0,0,0,0,0,0,0,104,0,0,144,0,0,0,0,0,0,0,0,0,0,0,0,0,776,0,0,0,0,0,0,0,0,0,0,0,0,0,0,0,0
"Isoperla",0,0,0,0,0,0,0,0,0,0,0,106,0,0,111,0,0,0,0,0,0,0,0,0,0,0,0,0,178,0,0,0,0,0,0,0,0,0,0,0,0,0,0,0,0
"Ixodes",0,0,0,0,0,0,0,0,0,0,0,0,0,0,0,0,0,0,0,0,0,0,0,0,0,0,0,0,201,0,0,0,0,0,0,0,0,0,0,0,0,0,0,0,0
"Labrus",0,0,0,0,0,0,0,0,0,223,133,0,100,0,0,0,0,0,0,0,0,0,0,0,0,0,0,0,0,0,0,0,117,0,0,0,0,0,0,0,0,0,0,0,0
"Lagenorhynchus",0,0,0,0,0,0,0,0,0,0,0,0,0,0,0,0,0,0,0,0,0,0,0,0,0,340,0,0,0,0,0,0,0,0,0,0,0,0,0,0,0,0,0,0,0
"Larimichthys",0,0,0,0,0,0,0,0,0,0,0,0,0,0,0,0,0,0,0,0,0,0,0,0,0,0,0,126,191,0,0,0,0,0,0,0,0,0,0,0,0,0,0,0,0
"Lasioglossum",0,0,0,0,0,0,0,0,0,0,0,109,0,180,142,0,0,0,0,0,0,0,0,0,0,0,0,143,614,0,0,0,0,0,0,0,0,0,0,0,0,0,0,0,0
"Lepidonotus",0,0,0,0,0,0,0,0,0,101,0,183,0,0,125,0,0,0,0,0,0,0,0,0,160,0,0,0,295,0,0,0,0,0,0,0,0,0,0,0,0,0,0,0,0
"Leptonychotes",0,0,0,0,0,0,0,0,0,0,0,0,0,0,0,0,0,0,0,0,212,0,0,0,0,0,0,0,0,0,0,0,0,0,0,0,0,0,0,0,0,0,0,0,0
"Leptopilina",0,0,0,0,0,0,0,0,0,0,0,135,0,0,133,0,0,0,0,0,0,0,0,0,0,117,0,0,132,0,0,0,0,0,0,0,0,0,0,0,0,0,0,0,0
"Limnephilus",0,0,0,0,0,0,0,0,0,0,102,245,0,186,219,0,0,0,0,0,0,0,0,0,116,173,0,196,381,0,0,0,0,0,0,0,0,0,0,0,0,101,0,0,0
"Limnoperna",0,0,0,0,0,0,0,0,0,0,0,0,0,0,196,0,0,0,0,0,0,0,0,0,0,156,0,281,0,0,0,0,0,0,0,0,0,0,0,0,0,221,0,0,0
"Lineus",0,0,0,0,0,111,0,133,205,499,815,794,257,353,332,0,0,0,0,162,632,450,0,0,372,523,0,289,224,0,0,0,0,0,0,0,0,0,0,0,0,0,0,0,0
"Lochmaea",0,0,0,0,0,0,0,0,0,0,0,0,0,0,0,0,0,0,0,0,0,0,0,0,0,0,0,0,188,0,0,0,0,0,0,0,0,0,0,0,0,0,0,0,0
"Lottia",0,654,0,0,0,0,0,0,0,0,0,107,0,0,115,0,1098,0,0,0,0,0,0,0,0,0,0,123,0,1159,699,113,903,0,0,0,0,0,0,0,0,0,150,0,0
"Lucilia",0,0,0,777,0,0,0,0,0,0,0,106,0,0,119,0,0,0,0,0,0,0,0,0,0,0,0,0,0,0,0,0,0,0,0,0,0,0,0,0,0,0,0,0,0
"Luidia",0,0,0,0,0,120,0,102,0,0,111,280,0,129,0,0,0,0,0,104,0,0,0,0,105,133,0,159,532,0,0,0,0,0,0,0,0,0,0,0,0,0,0,0,0
"Lumbricus",0,205,0,253,0,108,0,0,0,145,163,497,0,285,875,116,0,0,0,102,252,101,118,0,247,414,0,449,1324,100,0,0,104,102,265,0,0,0,0,0,108,213,0,0,0
"Luperina",0,0,0,0,0,0,0,0,0,0,0,0,0,0,0,0,0,0,0,0,0,0,0,0,0,0,0,0,279,0,0,0,0,0,0,0,0,0,0,0,0,0,0,0,0
"Lytechinus",0,0,0,0,0,0,0,0,0,0,112,280,0,0,210,0,0,0,0,0,113,0,0,0,150,176,0,172,296,0,0,0,0,0,0,0,0,0,0,0,0,106,0,0,0
"Macrobrachium",0,0,0,0,0,0,0,0,0,0,0,340,0,190,408,0,0,0,0,0,103,0,0,0,112,163,0,315,469,0,0,0,0,0,0,0,0,0,0,0,0,122,0,0,0
"Malaya",0,0,0,0,0,0,0,0,0,0,0,0,0,0,120,0,0,0,0,0,0,0,0,0,0,0,0,0,270,0,0,0,0,0,0,0,0,0,0,0,0,0,0,0,0
"Marthasterias",0,0,0,0,0,0,0,0,0,0,0,110,0,0,190,0,0,0,0,0,0,0,0,0,104,192,0,126,315,0,0,0,0,0,0,0,0,0,0,0,0,0,0,0,0
"Megachile",0,0,0,0,0,0,0,0,0,0,0,107,0,0,153,0,0,0,0,0,0,0,0,0,0,125,0,0,322,0,0,0,0,0,0,0,0,0,0,0,0,103,0,0,0
"Megalopta",0,0,0,0,0,0,0,0,0,0,0,0,0,0,0,0,0,0,0,0,0,0,0,0,0,0,0,0,175,0,0,0,0,0,0,0,0,0,0,0,0,0,0,0,0
"Melanargia",0,0,0,0,0,0,0,0,0,0,0,0,0,0,0,0,0,0,0,0,0,0,0,0,0,0,0,0,111,0,0,0,0,0,0,0,0,0,0,0,0,0,0,0,0
"Melanostigma",0,0,0,0,0,0,0,0,0,0,0,144,0,0,0,0,0,0,0,0,0,0,0,0,0,101,0,188,324,0,0,0,0,0,0,0,0,0,0,0,0,338,247,0,0
"Meles",0,0,0,0,0,0,0,0,0,0,0,157,0,0,330,0,0,0,0,0,0,0,0,0,0,0,0,0,0,0,0,0,0,0,0,0,0,0,0,0,0,0,0,0,0
"Melinaea",0,0,0,0,0,0,0,0,0,0,0,0,0,0,0,0,0,0,0,0,0,0,0,0,0,0,0,0,145,0,0,0,0,0,0,0,0,0,0,0,0,0,0,0,0
"Membranipora",0,1213,1189,2039,1734,4194,3654,4304,6196,9007,18891,20435,2799,6497,8671,0,223,1119,748,3279,5116,11231,3524,751,5975,4593,1435,3371,3653,153,126,312,670,562,594,1721,802,562,580,468,328,809,449,0,0
"Mercenaria",0,0,0,0,0,107,0,0,0,111,186,466,0,328,443,0,0,0,0,158,293,176,111,0,270,409,0,451,263,0,0,0,0,0,0,104,0,0,0,0,0,394,0,0,0
"Metridium",0,171,100,736,1028,1249,720,965,1517,2017,1740,5007,177,359,0,182,0,330,174,405,493,285,253,0,895,591,0,1200,628,0,0,130,151,270,381,4166,1614,2667,687,0,0,162,213,299,105
"Microtus",0,0,0,0,0,0,0,0,0,0,0,0,0,124,0,0,0,0,0,0,0,0,0,0,0,119,0,0,0,0,0,0,0,0,0,0,0,0,0,0,0,0,0,0,0
"Mimachlamys",0,0,0,0,0,0,0,0,0,0,0,190,0,301,0,0,0,0,0,0,0,120,0,0,293,397,0,332,113,0,0,0,0,0,0,0,0,0,0,0,256,496,469,0,0
"Mimumesa",0,0,0,0,0,0,0,0,0,0,0,0,0,0,0,0,0,0,0,0,0,0,0,0,0,0,0,0,109,0,0,0,0,0,0,0,0,0,0,0,0,0,0,0,0
"Mirounga",0,0,0,0,0,0,0,0,0,0,0,0,0,0,0,0,0,0,0,0,188,0,0,0,0,0,0,0,0,0,0,0,0,0,0,0,0,0,0,0,0,0,0,0,0
"Mizuhopecten",0,0,0,0,0,0,0,0,0,0,166,150,0,0,333,0,0,0,0,0,161,0,0,0,0,151,0,162,135,0,0,0,0,0,0,0,0,0,0,0,0,140,0,0,0
"Modiolus",0,0,0,0,0,0,0,0,0,0,0,0,0,129,337,0,0,0,0,0,0,0,0,0,121,249,0,321,124,0,0,0,0,0,0,0,0,0,0,0,0,380,0,0,0
"Molgula",0,102,0,0,0,0,0,0,0,0,0,0,0,0,0,0,0,0,0,0,0,0,0,0,0,0,0,0,0,0,0,0,0,0,0,0,0,0,0,0,0,0,0,0,0
"Monodelphis",0,0,0,101,102,0,0,0,0,0,100,0,0,183,0,0,0,0,0,0,121,0,0,0,0,101,0,0,0,0,0,0,0,0,0,0,0,0,0,0,0,121,0,0,0
"Mus",0,168,137,178,183,164,0,103,126,182,206,533,0,392,614,168,104,118,115,126,213,198,124,0,243,364,0,421,627,134,0,112,129,154,147,0,124,0,0,0,112,220,0,128,0
"Musotima",0,0,0,0,0,0,0,0,0,0,0,0,0,0,0,0,0,0,0,0,0,0,0,0,0,0,0,0,102,0,0,0,0,0,0,0,0,0,0,0,0,0,0,0,0
"Mya",0,0,0,0,0,0,0,0,0,0,252,368,0,136,247,335,0,0,0,0,582,0,0,0,0,139,0,535,740,0,0,0,0,0,0,0,0,0,0,0,117,476,0,261,501
"Myopa",0,0,0,0,0,0,0,0,0,0,0,0,0,0,0,0,0,0,0,0,0,0,0,0,0,0,0,0,149,0,0,0,0,0,0,0,0,0,0,0,0,0,0,0,0
"Myotis",0,0,0,0,0,0,0,0,0,0,0,0,0,142,0,0,0,0,0,0,0,0,0,0,0,139,0,0,0,0,0,0,0,0,0,0,0,0,0,0,0,113,0,0,0
"Myripristis",0,0,0,0,0,0,0,0,0,0,0,102,0,0,0,0,0,0,0,0,0,0,0,0,0,0,0,0,216,0,0,0,0,0,0,0,0,0,0,0,0,0,0,0,0
"Mythimna",0,0,0,0,0,0,0,0,0,0,0,139,0,0,0,0,0,0,0,0,0,0,0,0,0,0,0,103,220,0,0,0,0,0,0,0,0,0,0,0,0,0,0,0,0
"Mytilus",0,447,439,553,148,422,308,404,412,434,2140,943,468,2438,5046,1962,144,197,220,297,3619,1114,601,307,2353,3784,346,6914,1606,312,152,680,843,642,440,458,302,153,158,892,1225,4948,2766,1083,461
"Myxocyprinus",0,0,0,0,0,0,0,0,0,0,0,0,0,0,0,0,0,0,0,0,0,0,0,0,0,154,0,0,0,0,0,0,0,0,0,0,0,0,0,0,0,0,0,0,0
"Nemoura",0,0,0,0,0,0,0,0,0,0,0,0,0,0,163,0,0,0,0,0,0,0,0,0,0,0,0,0,506,0,0,0,0,0,0,0,0,0,0,0,0,0,0,0,0
"Nemurella",0,0,0,0,0,0,0,0,0,0,0,125,0,0,204,0,0,0,0,0,0,0,0,0,0,0,0,0,672,0,0,0,0,0,0,0,0,0,0,0,0,0,0,0,0
"Neomonachus",0,0,0,0,0,0,0,0,0,0,0,0,0,0,0,0,0,0,0,0,238,0,0,0,0,0,0,0,0,0,0,0,0,0,0,0,0,0,0,0,0,0,0,0,0
"Neoneuromus",0,0,0,0,0,0,0,0,0,0,0,100,0,0,0,0,0,0,0,0,0,0,0,0,0,0,0,0,0,0,0,0,0,0,0,0,0,0,0,0,0,0,0,0,0
"Netelia",0,0,0,0,0,0,0,0,0,0,0,0,0,0,0,0,0,0,0,0,0,0,0,0,0,0,0,0,107,0,0,0,0,0,0,0,0,0,0,0,0,0,0,0,0
"Nibea",0,0,0,0,0,0,0,0,0,0,0,0,0,0,0,0,0,0,0,0,0,0,0,0,0,0,0,0,204,0,0,0,0,0,0,0,0,0,0,0,0,0,0,0,0
"Nilaparvata",0,0,0,0,0,0,0,0,0,0,0,0,0,0,0,0,0,0,0,0,0,0,0,0,0,0,0,0,108,0,0,0,0,0,0,0,0,0,0,0,0,0,0,0,0
"Nomada",0,0,0,0,0,0,0,0,0,0,0,0,0,0,0,0,0,0,0,0,0,0,0,0,0,0,0,0,278,0,0,0,0,0,0,0,0,0,0,0,0,0,0,0,0
"Notothenia",0,0,0,0,0,0,0,0,0,0,0,102,0,0,0,0,0,0,0,0,0,0,0,0,0,0,0,0,180,0,0,0,0,0,0,0,0,0,0,0,0,0,0,0,0
"Nysson",0,0,0,0,0,0,0,0,0,0,0,0,0,0,0,0,0,0,0,0,0,0,0,0,0,0,0,0,229,0,0,0,0,0,0,0,0,0,0,0,0,0,0,0,0
"Octodon",0,0,0,0,0,0,0,0,0,0,0,0,0,103,0,0,0,0,0,0,0,0,0,0,0,0,0,0,0,0,0,0,0,0,0,0,0,0,0,0,0,0,0,0,0
"Octopus",0,293,152,281,173,175,116,157,172,208,309,1084,171,611,1327,203,135,171,157,184,451,266,261,0,403,654,0,1139,1718,179,113,166,192,208,309,122,124,0,106,127,465,408,0,307,0
"Ocypus",0,0,0,0,0,0,0,0,0,0,0,0,0,0,0,0,0,0,0,0,204,0,0,0,0,0,0,0,0,0,0,0,0,0,0,0,0,0,0,0,0,0,0,0,0
"Odobenus",0,0,0,0,0,0,0,0,0,0,0,0,0,0,0,0,0,0,0,0,174,0,0,0,0,0,0,0,0,0,0,0,0,0,0,0,0,0,0,0,0,0,0,0,0
"Oikopleura",0,0,0,0,112,273,202,332,347,648,796,2017,341,1165,1745,165,0,0,0,354,594,446,478,118,1070,1318,119,1667,1099,0,0,0,120,0,113,212,152,0,227,196,254,1109,482,0,0
"Oncorhynchus",0,393,171,449,302,284,182,193,247,367,436,0,211,317,0,415,220,229,197,241,598,337,275,0,573,599,111,0,0,288,206,232,303,328,274,192,245,0,111,134,197,520,0,433,0
"Onychomys",0,0,0,0,0,0,0,0,0,0,0,210,0,111,0,0,0,0,0,0,0,0,0,0,0,131,0,212,314,0,0,0,0,0,0,0,0,0,0,0,0,0,0,0,0
"Ophion",0,0,0,0,0,0,0,0,0,0,0,123,0,0,0,0,0,0,0,0,0,0,0,0,0,0,0,115,324,0,0,0,0,0,0,0,0,0,0,0,0,0,0,0,0
"Ophonus",0,0,0,0,0,0,0,0,0,0,0,0,0,0,0,0,0,0,0,0,0,0,0,0,0,0,0,0,193,0,0,0,0,0,0,0,0,0,0,0,0,0,0,0,0
"Oppia",0,0,0,0,0,0,0,0,0,0,0,0,0,0,0,0,0,0,0,0,0,0,0,0,363,0,0,0,136,0,0,0,0,0,0,0,0,0,0,0,0,0,0,0,0
"Orcinus",0,0,0,0,0,0,0,0,0,0,0,0,0,0,1421,0,0,0,0,0,0,0,0,0,0,0,0,0,0,0,0,0,0,0,0,0,0,0,0,0,0,0,0,0,0
"Orussus",0,0,0,0,0,0,0,0,0,0,0,0,0,0,0,0,0,0,0,0,0,0,0,0,0,0,0,0,243,0,0,0,0,0,0,0,0,0,0,0,0,0,0,0,0
"Oryzias",0,0,0,0,0,0,0,0,0,0,0,114,0,0,0,0,0,0,0,0,0,0,0,0,0,0,0,0,183,0,0,0,0,0,0,0,0,0,0,0,0,0,0,0,0
"Oscarella",0,0,0,0,0,0,0,0,0,0,0,0,0,0,0,0,0,0,0,0,0,0,0,0,122,127,0,0,0,0,0,0,0,0,0,0,0,0,0,0,0,0,0,0,0
"Ostrea",0,0,0,0,0,0,0,0,0,0,0,131,0,106,162,0,0,0,0,0,500,0,0,0,0,160,0,223,303,0,0,0,0,0,0,225,0,0,0,202,0,0,0,0,0
"Pammene",0,0,0,0,0,0,0,0,0,0,0,0,0,0,100,0,0,0,0,0,0,0,0,0,0,0,0,0,145,0,0,0,0,0,0,0,0,0,0,0,0,0,0,0,0
"Parus",0,0,0,0,0,0,0,0,0,0,0,0,0,147,0,0,0,0,0,0,0,0,0,0,0,0,0,0,0,0,0,0,0,0,0,0,0,0,0,0,0,0,0,0,0
"Patella",0,721,715,2386,1646,4236,3476,5293,5719,11167,16298,29902,12193,20733,29394,3904,210,1309,1232,3784,7098,13193,3324,1501,17796,18645,1570,9003,6320,242,295,1236,1798,1561,2041,3726,1899,1027,1527,2389,2683,7756,5474,445,0
"Patiria",0,0,0,0,0,0,0,0,0,0,0,0,0,0,0,0,0,0,0,0,0,0,0,0,0,0,0,0,138,0,0,0,0,0,0,0,0,0,0,0,0,0,0,0,0
"Pecten",0,0,0,109,0,118,0,288,542,994,581,1975,332,259,317,0,0,0,110,713,332,494,210,0,358,1271,0,230,196,0,0,116,170,136,849,580,522,168,636,604,1133,822,667,0,0
"Penaeus",0,896,359,1042,725,545,416,497,624,932,1088,4516,592,2080,5458,1121,465,452,446,604,1252,810,730,195,1435,1865,292,4033,5600,494,421,564,600,777,773,442,627,194,373,340,479,1537,0,705,222
"Peromyscus",0,141,104,132,126,120,0,100,0,121,155,0,0,279,0,105,0,0,0,100,162,129,0,0,171,222,0,0,163,0,0,100,0,113,126,0,102,0,0,0,0,206,0,0,0
"Petromyzon",0,237,0,199,0,0,0,0,0,0,0,0,0,0,0,0,0,0,0,0,234,0,241,0,133,161,0,0,0,0,0,0,163,0,0,0,0,0,0,0,0,134,0,0,0
"Phacochoerus",159,0,0,0,0,120,0,121,104,0,214,0,0,0,0,135,0,0,0,120,0,162,108,0,0,137,0,0,0,0,0,0,0,101,0,112,102,0,0,122,0,0,0,153,0
"Phaedon",0,0,0,0,0,0,0,0,0,0,0,0,0,0,0,0,0,0,0,0,0,0,0,0,0,0,0,0,346,0,0,0,0,0,0,0,0,0,0,0,0,0,0,0,0
"Phalacrocorax",0,364,164,775,205,470,778,1300,328,400,1804,2629,374,1284,0,0,0,112,1499,692,484,755,412,0,2624,510,0,111,0,0,0,0,264,0,592,0,121,0,0,0,0,159,0,0,0
"Phascolarctos",0,0,0,0,0,0,0,0,0,0,0,0,0,112,0,0,0,0,0,0,0,0,0,0,0,109,0,0,0,0,0,0,0,0,0,0,0,0,0,0,0,0,0,0,0
"Phasianus",0,129,125,0,0,0,0,0,0,0,0,0,0,0,0,0,0,0,0,0,0,0,0,0,0,0,0,0,0,0,0,0,0,0,0,0,0,0,0,0,1023,0,181,0,0
"Philereme",0,0,0,0,0,0,0,0,0,0,0,0,0,0,0,0,0,0,0,0,0,0,0,0,0,0,0,0,149,0,0,0,0,0,0,0,0,0,0,0,0,0,0,0,0
"Phoca",0,0,0,0,0,0,0,0,0,0,0,0,0,0,0,0,0,0,0,0,1551,0,0,0,0,0,0,0,0,0,0,0,0,0,0,0,0,0,0,0,0,0,0,0,0
"Pholis",0,0,0,0,0,174,0,129,244,337,525,1027,281,755,1214,181,0,0,106,303,422,655,270,0,497,836,0,490,709,0,0,0,0,0,105,179,0,0,0,124,126,405,326,0,0
"Phorcus",0,0,0,0,0,0,0,0,0,0,0,0,0,0,102,0,0,0,0,0,0,0,0,0,0,0,0,118,112,0,0,0,0,0,0,0,0,0,0,0,0,0,0,0,0
"Phosphuga",0,0,0,0,0,0,0,0,0,0,0,0,0,0,0,0,0,0,0,0,0,0,0,0,0,0,0,0,132,0,0,0,0,0,0,0,0,0,0,0,0,0,0,0,0
"Photinus",0,0,0,0,0,0,0,0,0,0,0,0,0,0,0,0,0,0,0,0,0,0,0,0,0,0,0,0,158,0,0,0,0,0,0,0,0,0,0,0,0,0,0,0,0
"Phoxinus",0,0,0,0,0,0,0,0,0,0,0,0,0,0,0,0,0,0,0,0,0,0,0,0,0,0,0,0,180,0,0,0,0,0,0,0,0,0,0,0,0,0,0,0,0
"Phyllotreta",0,0,0,0,0,0,0,0,0,0,0,0,0,0,0,0,0,0,0,0,0,0,0,0,0,0,0,0,142,0,0,0,0,0,0,0,0,0,0,0,0,0,0,0,0
"Phymastichus",0,0,0,0,0,0,0,0,0,0,0,0,0,0,0,0,0,0,0,0,0,0,0,0,0,0,0,0,127,0,0,0,0,0,0,0,0,0,0,0,0,0,0,0,0
"Physella",0,0,0,0,0,0,0,0,114,0,132,284,0,124,415,0,0,0,0,0,119,0,0,0,0,141,0,226,673,0,0,0,0,0,0,0,0,0,0,0,0,0,0,0,0
"Pilophorus",0,0,0,0,0,0,0,0,0,0,0,0,0,0,0,0,0,0,0,0,0,0,0,0,0,0,0,0,132,0,0,0,0,0,0,0,0,0,0,0,0,0,0,0,0
"Pinctada",0,0,0,0,0,0,0,0,0,0,0,0,0,0,0,0,0,0,0,0,0,0,0,0,0,0,0,0,126,0,0,0,0,0,0,0,0,0,0,0,0,0,0,0,0
"Pipistrellus",0,0,0,0,0,0,0,0,0,0,0,120,0,109,115,0,0,0,0,0,0,0,0,0,0,0,0,110,169,0,0,0,0,0,0,0,0,0,0,0,0,0,0,0,0
"Piscicola",0,0,0,0,0,0,0,0,0,0,0,137,0,0,227,0,0,0,0,0,0,0,0,0,0,0,0,0,307,0,0,0,0,0,0,0,0,0,0,0,0,0,0,0,0
"Platichthys",0,0,0,0,0,0,0,0,0,0,0,171,0,0,0,0,0,0,0,0,0,0,0,0,0,0,0,0,129,0,0,0,0,0,0,0,0,0,0,0,0,0,0,0,0
"Plectropomus",0,0,0,0,0,0,0,0,0,0,0,0,0,0,0,0,0,0,0,0,0,0,0,0,0,0,0,0,111,0,0,0,0,0,0,0,0,0,0,0,0,0,0,0,0
"Pleuronectes",0,0,0,0,0,0,0,0,0,170,235,411,158,520,1346,167,0,0,0,255,266,126,186,0,0,167,0,142,189,0,0,0,0,0,0,0,0,0,0,0,0,104,309,420,0
"Podarcis",0,0,0,0,0,0,0,0,0,0,0,0,0,0,0,0,0,0,0,0,0,0,0,0,0,0,0,0,106,0,0,0,0,0,0,0,0,0,0,0,0,0,0,0,0
"Poecile",0,0,0,0,0,0,0,0,0,0,0,0,0,0,0,0,0,0,0,0,0,0,0,0,546,0,0,0,0,0,0,0,0,0,0,0,0,0,0,0,0,0,0,0,0
"Poecilia",0,0,0,0,0,0,0,0,0,0,0,0,0,0,0,0,0,0,0,0,0,0,0,0,0,0,0,0,115,0,0,0,0,0,0,0,0,0,0,0,0,0,0,0,0
"Pogona",0,0,0,126,0,0,0,0,0,0,0,0,0,0,0,0,0,0,0,0,0,0,0,0,0,0,0,0,0,0,0,0,0,0,0,0,0,0,0,0,0,0,0,0,0
"Polia",0,0,0,0,0,0,0,0,0,0,0,0,0,0,0,0,0,0,0,0,0,0,0,0,0,0,0,0,119,0,0,0,0,0,0,0,0,0,0,0,0,0,0,0,0
"Polistes",0,0,0,0,0,0,0,0,0,0,0,176,0,115,214,0,0,0,0,0,0,0,0,0,0,0,0,160,220,0,0,0,0,0,0,0,0,0,0,0,0,0,0,0,0
"Pollachius",0,302,156,428,289,548,513,545,599,923,1027,2067,640,1092,0,220,0,268,183,464,24839,2163,343,0,580,858,118,616,541,0,0,126,161,141,177,139,100,0,0,109,105,190,258,243,0
"Pollicipes",0,0,0,0,0,0,0,0,0,0,0,111,0,0,150,0,0,0,0,0,0,0,0,0,0,0,0,0,209,0,0,0,0,0,0,0,0,0,0,0,0,0,0,0,0
"Pomacea",0,0,0,0,0,0,0,0,0,0,0,0,0,0,0,0,0,0,0,0,0,0,0,0,0,0,0,0,149,0,0,0,0,0,0,0,0,0,0,0,0,0,0,0,0
"Portunus",0,165,112,177,153,117,0,0,134,194,245,948,109,411,1341,191,0,0,0,340,370,245,242,0,244,366,101,928,1203,125,0,120,0,137,162,112,201,0,0,0,128,294,336,102,0
"Priapulus",0,1269,3047,1554,1283,1700,869,871,404,475,518,807,4086,315,662,311,1014,1338,1647,1123,1023,286,136,0,333,481,0,960,838,2395,875,923,1398,1851,2307,892,10304,26119,538,412,4827,797,1586,1413,417
"Procambarus",0,195,0,132,0,133,126,0,111,107,157,448,106,266,637,0,0,0,0,106,150,0,0,0,182,277,0,355,1250,0,0,105,162,102,0,0,0,0,0,0,0,161,0,0,0
"Protonemura",0,0,0,0,0,0,0,0,0,0,0,0,0,0,0,0,0,0,0,0,0,0,0,0,0,0,0,0,300,0,0,0,0,0,0,0,0,0,0,0,0,0,145,0,0
"Protopterus",0,308,0,409,0,0,0,0,0,272,351,0,228,307,0,163,0,0,0,0,350,303,213,0,387,453,0,0,0,0,0,0,0,0,0,0,183,0,146,0,0,448,0,398,0
"Pseudochaenichthys",0,0,0,0,0,0,0,0,0,0,0,0,0,0,0,0,0,0,0,0,0,0,0,0,0,0,0,0,156,0,0,0,0,0,0,0,0,0,0,0,0,0,0,0,0
"Psylliodes",0,0,0,0,0,0,0,0,0,0,106,334,0,185,425,0,0,0,0,0,117,101,0,0,138,211,0,209,1075,0,0,0,0,0,0,0,0,0,0,0,0,118,0,0,0
"Pungitius",0,0,0,0,0,0,0,0,0,0,0,0,0,0,0,0,0,0,0,0,0,0,0,0,0,0,0,0,131,0,0,0,0,0,0,0,0,0,0,0,0,0,0,0,0
"Rattus",0,128,0,122,0,0,0,0,0,111,137,0,0,256,0,0,0,0,0,0,157,0,0,0,127,206,0,0,0,0,0,0,0,0,0,0,0,0,0,0,0,157,0,0,0
"Rhagoletis",0,0,0,0,0,0,0,0,0,0,0,0,0,0,0,0,0,0,0,0,0,0,0,0,0,0,0,0,119,0,0,0,0,0,0,0,0,0,0,0,0,0,0,0,0
"Rhipicephalus",0,104,0,169,0,0,0,0,0,0,0,251,0,141,357,0,0,0,0,0,0,0,0,0,0,161,0,212,394,0,0,0,0,0,0,0,0,0,0,0,0,0,0,0,0
"Rissa",0,0,0,333,0,0,110,199,101,533,625,0,1550,181,0,0,0,0,0,380,0,198,333,0,193,149,0,0,0,0,0,128,128,0,205,140,0,0,0,608,0,0,582,0,0
"Ruditapes",0,0,0,0,0,0,0,0,0,0,0,190,0,142,200,0,0,0,0,0,162,0,0,0,103,199,0,210,158,0,0,0,0,0,0,0,0,0,0,0,0,190,0,0,0
"Rutilus",0,0,0,0,0,0,0,0,0,0,0,0,0,0,0,0,0,0,0,0,0,0,0,0,0,0,0,0,110,0,0,0,0,0,0,0,0,0,0,0,0,0,0,0,0
"Sabethes",0,0,0,0,0,0,0,0,0,0,0,0,0,0,121,0,0,0,0,0,0,0,0,0,0,0,0,0,145,0,0,0,0,0,0,0,0,0,0,0,0,0,0,0,0
"Saccoglossus",0,0,0,0,0,0,0,0,0,0,123,192,0,0,0,0,0,0,0,0,0,0,0,0,0,0,0,0,0,0,0,0,0,0,0,0,0,0,0,0,0,0,0,0,0
"Sacculina",0,0,0,0,0,0,0,0,0,0,0,0,0,0,107,0,0,0,0,0,0,0,0,0,0,0,0,0,135,0,0,0,0,0,0,0,0,0,0,0,0,0,0,0,0
"Salarias",0,0,0,0,0,0,0,0,0,0,0,0,0,0,0,0,0,0,0,0,0,0,0,0,0,0,0,0,236,0,0,0,0,0,0,0,0,0,0,0,0,0,0,0,0
"Salmo",0,151,0,145,110,132,0,0,140,121,149,379,0,180,0,116,0,0,0,0,207,105,0,0,178,184,0,238,547,0,0,0,0,0,0,0,0,0,0,0,0,140,0,125,0
"Salvelinus",0,141,0,142,0,0,0,0,0,145,152,0,0,118,0,140,0,125,0,0,231,116,0,0,219,192,0,0,0,115,0,0,115,109,0,0,0,0,0,0,0,216,0,140,0
"Schistocerca",0,318,0,0,0,0,0,0,174,241,308,731,0,411,922,133,0,0,0,215,328,266,147,0,259,437,0,578,1441,0,194,240,0,0,363,0,180,0,112,0,0,323,0,172,0
"Schistosoma",0,0,0,415,0,0,0,0,0,0,0,197,0,0,153,0,0,0,0,0,133,0,0,0,0,0,0,0,182,0,0,0,0,0,0,0,0,0,0,0,0,0,0,0,0
"Scomber",0,0,0,0,0,134,0,104,0,317,269,0,150,118,0,0,0,0,0,0,127,363,0,0,0,0,0,0,0,0,0,0,0,0,0,0,0,0,0,0,0,0,0,0,0
"Scophthalmus",0,0,0,0,0,104,0,0,0,0,0,0,0,0,0,0,0,0,0,0,0,0,0,0,0,0,0,0,0,0,0,0,0,0,0,0,0,0,0,0,0,0,0,0,0
"Scyliorhinus",0,0,0,0,0,188,0,0,0,0,0,129,0,0,0,0,0,0,0,135,0,0,0,0,0,0,0,0,0,0,0,0,0,0,0,0,0,0,0,0,0,0,0,0,0
"Sebastes",0,0,0,0,0,0,0,0,0,0,126,0,0,0,0,0,0,0,0,0,0,0,0,0,0,0,0,0,0,0,0,0,0,0,0,0,0,0,0,0,0,0,0,0,0
"Sicus",0,0,0,0,0,0,0,0,0,0,0,0,0,0,116,0,0,0,0,0,0,0,0,0,0,0,0,0,247,0,0,0,0,0,0,0,0,0,0,0,0,0,0,0,0
"Silurus",0,0,0,0,0,0,0,0,0,0,0,195,0,120,300,0,0,0,0,0,0,0,0,0,0,0,0,175,226,0,0,0,0,0,0,0,0,0,0,0,0,0,0,0,0
"Solea",0,0,0,0,0,0,0,0,0,0,0,0,0,0,126,0,0,0,0,0,0,0,0,0,0,0,0,0,255,0,0,0,0,0,0,0,0,0,0,0,0,0,0,0,0
"Sorex",0,0,0,114,0,0,0,0,0,103,106,0,0,191,0,0,0,0,0,0,0,0,0,0,0,180,0,0,0,0,0,0,0,0,0,0,0,0,0,0,0,114,0,0,0
"Sparus",0,0,0,0,0,0,0,0,0,0,0,0,0,0,0,0,0,0,0,0,0,166,0,0,0,0,0,0,0,0,0,0,0,0,0,0,0,0,0,0,0,0,0,0,0
"Sphaeramia",0,0,0,0,0,0,0,0,0,0,0,158,0,0,0,0,0,0,0,0,0,0,0,0,0,0,0,135,243,0,0,0,0,0,0,0,0,0,0,0,0,0,0,0,0
"Sphecodes",0,0,0,0,0,0,0,0,0,0,0,0,0,0,100,0,0,0,0,0,0,0,0,0,0,0,0,0,255,0,0,0,0,0,0,0,0,0,0,0,0,0,0,0,0
"Spisula",0,0,0,0,0,0,0,0,0,113,158,278,0,114,195,0,0,0,0,0,0,101,0,0,121,183,0,216,233,0,0,0,0,0,0,0,0,0,0,0,0,169,0,0,0
"Squalius",0,0,0,0,0,0,0,0,0,0,0,0,0,0,0,0,0,0,0,0,0,0,0,0,0,0,0,0,130,0,0,0,0,0,0,0,0,0,0,0,0,0,0,0,0
"Steromphala",0,269,274,677,958,1330,1196,2572,1680,3220,5889,7771,2244,7004,8509,1821,0,494,389,1218,10348,2225,1040,441,5013,5696,886,9991,4939,181,270,1236,2485,1949,2726,3879,2481,1024,1345,1568,5546,32179,16785,1039,0
"Strigamia",0,0,0,0,0,0,0,0,0,0,0,0,0,0,0,0,0,0,0,0,0,0,0,0,0,0,0,0,102,0,0,0,0,0,0,0,0,0,0,0,0,0,0,0,0
"Strongylocentrotus",0,0,0,106,0,269,185,178,238,653,3445,1053,189,354,640,1711,0,0,0,288,1749,707,162,150,799,780,0,572,861,0,0,0,0,0,0,0,0,0,0,0,0,137,0,0,164
"Suncus",0,0,0,104,0,0,0,0,0,0,0,0,0,125,0,0,0,0,0,0,0,0,0,0,0,103,0,0,0,0,0,0,0,0,0,0,0,0,0,0,0,0,0,0,0
"Sus",1220,0,143,452,370,921,670,922,866,422,1808,2036,606,518,2667,1081,152,407,614,1019,359,1512,878,0,706,1218,0,624,795,0,0,645,640,650,542,948,885,612,352,956,191,553,1992,1546,527
"Sylvilagus",0,0,0,0,0,0,0,0,0,0,0,123,0,0,0,0,0,0,0,0,0,0,0,0,0,0,0,138,196,0,0,0,0,0,0,0,0,0,0,0,0,0,0,0,0
"Symphodus",0,0,0,0,0,0,0,0,0,0,0,0,0,0,0,0,0,0,0,0,0,0,0,0,0,0,0,0,117,0,0,0,0,0,0,0,0,0,0,0,0,0,0,0,0
"Synanthedon",0,0,0,0,0,0,0,0,0,0,0,0,0,0,0,0,0,0,0,0,0,0,0,0,0,0,0,0,127,0,0,0,0,0,0,0,0,0,0,0,0,0,0,0,0
"Syngnathus",0,0,0,0,0,0,0,0,0,0,0,0,0,0,0,0,0,0,0,0,0,0,0,0,0,0,0,0,136,0,0,0,0,0,0,0,0,0,0,0,0,0,0,0,0
"Takifugu",0,0,0,0,0,0,0,0,0,0,0,0,0,0,0,0,0,0,0,0,0,0,0,0,0,0,0,0,151,0,0,0,0,0,0,0,0,0,0,0,0,0,0,0,0
"Taurulus",0,0,0,109,104,172,183,179,253,393,507,1042,295,420,846,0,0,0,0,241,1030,4421,120,0,436,709,0,592,443,0,0,0,0,0,0,0,0,0,0,226,0,175,0,198,0
"Telmatherina",0,0,0,0,0,0,0,0,0,0,0,120,0,0,161,0,0,0,0,0,0,0,0,0,0,0,0,0,444,0,0,0,0,0,0,0,0,0,0,0,0,0,0,0,0
"Temora",0,0,0,0,0,0,0,0,0,0,0,124,0,0,0,0,0,0,0,0,0,0,0,0,0,0,0,0,323,0,0,0,0,0,0,0,0,0,0,0,0,0,0,0,0
"Tenthredo",0,0,0,0,0,0,0,0,0,0,0,0,0,0,0,0,0,0,0,0,0,0,0,0,0,0,0,0,111,0,0,0,0,0,0,0,0,0,0,0,0,0,0,0,0
"Thrips",0,0,0,0,0,0,0,0,0,0,0,0,0,0,101,0,0,0,0,0,0,0,0,0,0,0,0,0,796,0,0,0,0,0,0,0,0,0,0,0,0,0,0,0,0
"Thunnus",0,0,0,0,0,0,0,0,0,0,0,114,0,0,139,0,0,0,0,0,0,0,0,0,0,0,0,0,187,0,0,0,0,0,0,0,0,0,0,0,0,0,0,0,0
"Timema",0,0,0,0,0,0,0,0,0,0,0,275,0,159,390,0,0,0,0,0,142,0,0,0,0,160,0,210,397,0,0,0,0,0,0,0,0,0,0,0,0,0,0,115,0
"Topomyia",0,0,0,0,0,0,0,0,0,0,0,171,0,100,132,0,0,0,0,0,0,0,0,0,0,0,0,0,609,0,0,0,0,0,0,0,0,0,0,0,0,0,0,0,0
"Toxorhynchites",0,0,0,0,0,0,0,0,0,0,0,0,0,0,0,0,0,0,0,0,0,0,0,0,0,0,0,0,126,0,0,0,0,0,0,0,0,0,0,0,0,0,0,0,0
"Trachurus",0,0,0,0,0,0,0,0,0,0,0,1030,0,0,210,0,0,0,0,0,0,0,0,0,0,0,0,0,140,0,0,0,0,0,0,0,0,0,0,0,0,0,0,0,0
"Trichosurus",0,0,0,0,0,0,0,0,0,0,0,0,0,0,0,0,0,0,0,0,0,0,0,0,0,107,0,0,0,0,0,0,0,0,0,0,0,0,0,0,0,0,0,0,0
"Tridacna",0,0,0,0,0,0,0,0,0,0,0,0,0,0,115,0,0,0,0,0,0,0,0,0,0,0,0,116,123,0,0,0,0,0,0,0,0,0,0,0,0,127,0,0,0
"Uranotaenia",0,0,0,0,0,0,0,0,0,110,0,237,0,167,274,0,0,0,0,0,171,0,0,0,0,127,0,126,597,0,0,0,0,0,0,0,0,0,0,0,0,0,0,0,0
"Vespa",0,0,0,0,0,0,0,0,0,0,0,249,0,144,374,0,0,0,0,0,0,0,0,0,101,169,0,265,361,0,0,0,0,0,0,0,0,0,0,0,0,102,116,0,0
"Vespula",0,0,0,0,0,0,0,0,0,0,0,165,0,0,227,0,0,0,0,0,0,0,0,0,0,0,0,168,270,0,0,0,0,0,0,0,0,0,0,0,0,0,0,0,0
"Xenopus",0,0,0,0,0,0,0,0,0,0,106,0,0,0,0,0,0,0,0,0,0,0,0,0,0,0,0,0,0,0,0,0,0,0,0,0,0,0,0,0,0,122,0,152,0
"Xestia",0,0,0,0,0,0,0,0,0,0,0,104,0,0,0,0,0,0,0,0,0,0,0,0,0,0,0,0,176,0,0,0,0,0,0,0,0,0,0,0,0,0,0,0,0
"Yponomeuta",0,0,0,0,0,0,0,0,0,0,0,108,0,0,123,0,0,0,0,0,0,0,0,0,0,0,0,0,153,0,0,0,0,0,0,0,0,0,0,0,0,0,0,0,0
