"age","sat","sat_sd","sat_upr","sat_lwr","cell_lon","cell_lat","dist_km"
100,9.7221097946167,0.532476425170898,10.7870626449585,8.6571569442749,357.5,59.684211730957,94.8507566371056
300,9.51501846313477,0.532349467277527,10.5797173976898,8.45031952857971,357.5,59.684211730957,94.8507566371056
500,9.42303657531738,0.663392126560211,10.7498208284378,8.09625232219696,357.5,59.684211730957,94.8507566371056
700,9.46247863769531,0.646817743778229,10.7561141252518,8.16884315013885,357.5,59.684211730957,94.8507566371056
900,9.5718183517456,0.681298792362213,10.93441593647,8.20922076702118,357.5,59.684211730957,94.8507566371056
1100,9.3779706954956,0.739159047603607,10.8562887907028,7.89965260028839,357.5,59.684211730957,94.8507566371056
1300,9.42108058929443,0.86845052242279,11.15798163414,7.68417954444885,357.5,59.684211730957,94.8507566371056
1500,9.46035671234131,0.842007279396057,11.1443712711334,7.77634215354919,357.5,59.684211730957,94.8507566371056
1700,9.48792171478271,0.802824139595032,11.0935699939728,7.88227343559265,357.5,59.684211730957,94.8507566371056
1900,9.56203556060791,0.875838100910187,11.3137117624283,7.81035935878754,357.5,59.684211730957,94.8507566371056
2100,9.45479583740234,0.962650835514069,11.3800975084305,7.52949416637421,357.5,59.684211730957,94.8507566371056
2300,9.5107011795044,0.863558411598206,11.2378180027008,7.78358435630798,357.5,59.684211730957,94.8507566371056
2500,9.50512790679932,0.921942949295044,11.3490138053894,7.66124200820923,357.5,59.684211730957,94.8507566371056
2700,9.5214786529541,0.870235562324524,11.2619497776031,7.78100752830505,357.5,59.684211730957,94.8507566371056
2900,9.31418704986572,1.05726099014282,11.4287090301514,7.19966506958008,357.5,59.684211730957,94.8507566371056
3100,9.30076217651367,1.03851747512817,11.37779712677,7.22372722625732,357.5,59.684211730957,94.8507566371056
3300,9.14925479888916,0.992768049240112,11.1347908973694,7.16371870040894,357.5,59.684211730957,94.8507566371056
3500,9.32736396789551,0.946915209293365,11.2211943864822,7.43353354930878,357.5,59.684211730957,94.8507566371056
3700,9.51059246063232,0.898295998573303,11.3071844577789,7.71400046348572,357.5,59.684211730957,94.8507566371056
3900,9.44565486907959,0.957946240901947,11.3615473508835,7.5297623872757,357.5,59.684211730957,94.8507566371056
4100,9.43789482116699,0.965477705001831,11.3688502311707,7.50693941116333,357.5,59.684211730957,94.8507566371056
4300,9.32974243164062,0.900840818881989,11.1314240694046,7.52806079387665,357.5,59.684211730957,94.8507566371056
4500,9.46525573730469,0.888249397277832,11.2417545318604,7.68875694274902,357.5,59.684211730957,94.8507566371056
4700,9.48578262329102,0.93215823173523,11.3500990867615,7.62146615982056,357.5,59.684211730957,94.8507566371056
4900,9.57020473480225,1.04794120788574,11.6660871505737,7.47432231903076,357.5,59.684211730957,94.8507566371056
5100,9.72761821746826,0.902828276157379,11.533274769783,7.9219616651535,357.5,59.684211730957,94.8507566371056
5300,9.25105476379395,1.01741230487823,11.2858793735504,7.21623015403748,357.5,59.684211730957,94.8507566371056
5500,9.31849098205566,1.02959299087524,11.3776769638062,7.25930500030518,357.5,59.684211730957,94.8507566371056
5700,9.28771114349365,0.978278994560242,11.2442691326141,7.33115315437317,357.5,59.684211730957,94.8507566371056
5900,9.28085899353027,1.02832067012787,11.337500333786,7.22421765327454,357.5,59.684211730957,94.8507566371056
6100,9.39275550842285,1.03767395019531,11.4681034088135,7.31740760803223,357.5,59.684211730957,94.8507566371056
6300,9.55554485321045,1.065558552742,11.6866619586945,7.42442774772644,357.5,59.684211730957,94.8507566371056
6500,9.76747989654541,0.997297942638397,11.7620757818222,7.77288401126862,357.5,59.684211730957,94.8507566371056
6700,9.6411190032959,0.936540007591248,11.5141990184784,7.7680389881134,357.5,59.684211730957,94.8507566371056
6900,9.19185161590576,1.08223736286163,11.356326341629,7.0273768901825,357.5,59.684211730957,94.8507566371056
7100,9.28290176391602,1.11129868030548,11.505499124527,7.06030440330505,357.5,59.684211730957,94.8507566371056
7300,8.68839263916016,1.29505324363708,11.2784991264343,6.09828615188599,357.5,59.684211730957,94.8507566371056
7500,9.0365629196167,1.09879660606384,11.2341561317444,6.83896970748901,357.5,59.684211730957,94.8507566371056
7700,8.98662376403809,1.21586167812347,11.418347120285,6.55490040779114,357.5,59.684211730957,94.8507566371056
7900,9.193678855896,1.16349232196808,11.5206634998322,6.86669421195984,357.5,59.684211730957,94.8507566371056
8100,9.14178657531738,1.24269831180573,11.6271831989288,6.65638995170593,357.5,59.684211730957,94.8507566371056
8300,9.13467597961426,1.28658604621887,11.707848072052,6.56150388717651,357.5,59.684211730957,94.8507566371056
8500,9.21728134155273,1.36043012142181,11.9381415843964,6.49642109870911,357.5,59.684211730957,94.8507566371056
8700,8.85525608062744,1.29229044914246,11.4398369789124,6.27067518234253,357.5,59.684211730957,94.8507566371056
8900,8.61011219024658,1.38509333133698,11.3802988529205,5.83992552757263,357.5,59.684211730957,94.8507566371056
9100,8.91981029510498,1.3479710817337,11.6157524585724,6.22386813163757,357.5,59.684211730957,94.8507566371056
9300,8.22426223754883,1.32500064373016,10.8742635250092,5.5742609500885,357.5,59.684211730957,94.8507566371056
9500,7.30201721191406,1.26948511600494,9.84098744392395,4.76304697990417,357.5,59.684211730957,94.8507566371056
9700,7.11204624176025,1.43844759464264,9.98894143104553,4.23515105247498,357.5,59.684211730957,94.8507566371056
9900,6.89352560043335,1.51116943359375,9.91586446762085,3.87118673324585,357.5,59.684211730957,94.8507566371056
10100,6.52987337112427,1.55098390579224,9.63184118270874,3.4279055595398,357.5,59.684211730957,94.8507566371056
10300,6.27772665023804,1.65205264091492,9.58183193206787,2.9736213684082,357.5,59.684211730957,94.8507566371056
10500,5.68085861206055,1.72689652442932,9.13465166091919,2.2270655632019,357.5,59.684211730957,94.8507566371056
10700,5.21944093704224,1.65618765354156,8.53181624412537,1.90706562995911,357.5,59.684211730957,94.8507566371056
10900,4.33451175689697,1.61285328865051,7.560218334198,1.10880517959595,357.5,59.684211730957,94.8507566371056
11100,3.7815146446228,1.72357153892517,7.22865772247314,0.334371566772461,357.5,59.684211730957,94.8507566371056
11300,3.47029948234558,1.78617131710052,7.04264211654663,-0.102043151855469,357.5,59.684211730957,94.8507566371056
11500,2.36304497718811,1.83716332912445,6.03737163543701,-1.31128168106079,357.5,59.684211730957,94.8507566371056
11700,1.0829097032547,1.87605285644531,4.83501541614532,-2.66919600963593,357.5,59.684211730957,94.8507566371056
11900,-0.446615487337112,1.77327728271484,3.09993907809258,-3.9931700527668,357.5,59.684211730957,94.8507566371056
12100,-1.28266131877899,1.79021203517914,2.29776275157928,-4.86308538913727,357.5,59.684211730957,94.8507566371056
12300,-2.12434649467468,1.78313362598419,1.4419207572937,-5.69061374664307,357.5,59.684211730957,94.8507566371056
12500,-2.7544949054718,1.7006219625473,0.646749019622803,-6.15573883056641,357.5,59.684211730957,94.8507566371056
12700,-3.17203879356384,1.61903917789459,0.0660395622253418,-6.41011714935303,357.5,59.684211730957,94.8507566371056
12900,-2.58698296546936,1.57762706279755,0.568271160125732,-5.74223709106445,357.5,59.684211730957,94.8507566371056
13100,-1.64413070678711,1.49688136577606,1.34963202476501,-4.63789343833923,357.5,59.684211730957,94.8507566371056
13300,-1.53755223751068,1.45335710048676,1.36916196346283,-4.44426643848419,357.5,59.684211730957,94.8507566371056
13500,-2.14004230499268,1.5723295211792,1.00461673736572,-5.28470134735107,357.5,59.684211730957,94.8507566371056
13700,-2.77353525161743,1.48964738845825,0.205759525299072,-5.75283002853394,357.5,59.684211730957,94.8507566371056
13900,-3.36471915245056,1.60156071186066,-0.161597728729248,-6.56784057617188,357.5,59.684211730957,94.8507566371056
14100,-3.96878027915955,1.69537687301636,-0.578026533126831,-7.35953402519226,357.5,59.684211730957,94.8507566371056
14300,-4.48026990890503,1.78419709205627,-0.91187572479248,-8.04866409301758,357.5,59.684211730957,94.8507566371056
14500,-5.43825626373291,1.90435457229614,-1.62954711914062,-9.2469654083252,357.5,59.684211730957,94.8507566371056
14700,-6.6251630783081,1.86974501609802,-2.88567304611206,-10.3646531105042,357.5,59.684211730957,94.8507566371056
14900,-7.4004693031311,2.0477409362793,-3.30498743057251,-11.4959511756897,357.5,59.684211730957,94.8507566371056
15100,-8.13969993591309,2.10534739494324,-3.92900514602661,-12.3503947257996,357.5,59.684211730957,94.8507566371056
15300,-8.66178226470947,2.23047280311584,-4.20083665847778,-13.1227278709412,357.5,59.684211730957,94.8507566371056
15500,-9.01272201538086,2.51129531860352,-3.99013137817383,-14.0353126525879,357.5,59.684211730957,94.8507566371056
15700,-9.44723320007324,2.49738955497742,-4.45245409011841,-14.4420123100281,357.5,59.684211730957,94.8507566371056
15900,-10.6155462265015,2.54117584228516,-5.53319454193115,-15.6978979110718,357.5,59.684211730957,94.8507566371056
16100,-10.9364528656006,2.54154944419861,-5.85335397720337,-16.0195517539978,357.5,59.684211730957,94.8507566371056
16300,-11.650032043457,2.8325924873352,-5.98484706878662,-17.3152170181274,357.5,59.684211730957,94.8507566371056
16500,-12.5485897064209,2.80452394485474,-6.93954181671143,-18.1576375961304,357.5,59.684211730957,94.8507566371056
16700,-13.5825824737549,3.009028673172,-7.56452512741089,-19.6006398200989,357.5,59.684211730957,94.8507566371056
16900,-14.1683664321899,3.0127866268158,-8.14279317855835,-20.1939396858215,357.5,59.684211730957,94.8507566371056
17100,-14.255895614624,3.28258442878723,-7.69072675704956,-20.8210644721985,357.5,59.684211730957,94.8507566371056
17300,-14.1873807907104,3.12278532981873,-7.941810131073,-20.4329514503479,357.5,59.684211730957,94.8507566371056
17500,-13.5617952346802,2.99429821968079,-7.5731987953186,-19.5503916740417,357.5,59.684211730957,94.8507566371056
17700,-12.6699056625366,2.9632134437561,-6.74347877502441,-18.5963325500488,357.5,59.684211730957,94.8507566371056
17900,-12.0807123184204,2.80485343933105,-6.4710054397583,-17.6904191970825,357.5,59.684211730957,94.8507566371056
18100,-11.6992521286011,2.62892389297485,-6.44140434265137,-16.9570999145508,357.5,59.684211730957,94.8507566371056
18300,-10.8518152236938,2.77844786643982,-5.29491949081421,-16.4087109565735,357.5,59.684211730957,94.8507566371056
18500,-10.9931774139404,2.56408762931824,-5.86500215530396,-16.1213526725769,357.5,59.684211730957,94.8507566371056
18700,-10.76988697052,2.47975420951843,-5.81037855148315,-15.7293953895569,357.5,59.684211730957,94.8507566371056
18900,-10.3751764297485,2.54895520210266,-5.27726602554321,-15.4730868339539,357.5,59.684211730957,94.8507566371056
19100,-10.6422138214111,2.53737926483154,-5.56745529174805,-15.7169723510742,357.5,59.684211730957,94.8507566371056
19300,-10.7111530303955,2.49192547798157,-5.72730207443237,-15.6950039863586,357.5,59.684211730957,94.8507566371056
19500,-10.9637298583984,2.51323914527893,-5.93725156784058,-15.9902081489563,357.5,59.684211730957,94.8507566371056
19700,-11.2772874832153,2.5610842704773,-6.15511894226074,-16.3994560241699,357.5,59.684211730957,94.8507566371056
19900,-11.4413757324219,2.65137386322021,-6.13862800598145,-16.7441234588623,357.5,59.684211730957,94.8507566371056
20100,-11.1870756149292,2.80174660682678,-5.58358240127563,-16.7905688285828,357.5,59.684211730957,94.8507566371056
20300,-11.0935392379761,2.73409557342529,-5.62534809112549,-16.5617303848267,357.5,59.684211730957,94.8507566371056
20500,-11.1537857055664,2.88903617858887,-5.37571334838867,-16.9318580627441,357.5,59.684211730957,94.8507566371056
20700,-11.2461280822754,2.70751810073853,-5.83109188079834,-16.6611642837524,357.5,59.684211730957,94.8507566371056
20900,-11.4689064025879,2.57613849639893,-6.31662940979004,-16.6211833953857,357.5,59.684211730957,94.8507566371056
21100,-11.309739112854,2.4194610118866,-6.47081708908081,-16.1486611366272,357.5,59.684211730957,94.8507566371056
21300,-11.003755569458,2.77958536148071,-5.44458484649658,-16.5629262924194,357.5,59.684211730957,94.8507566371056
21500,-10.9148750305176,2.77370429039001,-5.36746644973755,-16.4622836112976,357.5,59.684211730957,94.8507566371056
21700,-10.6523027420044,2.55389857292175,-5.54450559616089,-15.7600998878479,357.5,59.684211730957,94.8507566371056
21900,-10.4290256500244,2.7859046459198,-4.85721635818481,-16.000834941864,357.5,59.684211730957,94.8507566371056
22100,-10.1981706619263,2.86323857307434,-4.47169351577759,-15.924647808075,357.5,59.684211730957,94.8507566371056
22300,-10.156177520752,2.95211267471313,-4.25195217132568,-16.0604028701782,357.5,59.684211730957,94.8507566371056
22500,-9.84336185455322,3.0493528842926,-3.74465608596802,-15.9420676231384,357.5,59.684211730957,94.8507566371056
22700,-9.65208911895752,2.97559976577759,-3.70088958740234,-15.6032886505127,357.5,59.684211730957,94.8507566371056
22900,-9.52579402923584,2.72848963737488,-4.06881475448608,-14.9827733039856,357.5,59.684211730957,94.8507566371056
23100,-9.30295753479004,2.91219973564148,-3.47855806350708,-15.127357006073,357.5,59.684211730957,94.8507566371056
23300,-9.37700653076172,3.33148241043091,-2.7140417098999,-16.0399713516235,357.5,59.684211730957,94.8507566371056
23500,-9.15408515930176,2.83215808868408,-3.48976898193359,-14.8184013366699,357.5,59.684211730957,94.8507566371056
23700,-9.1593656539917,3.13060116767883,-2.89816331863403,-15.4205679893494,357.5,59.684211730957,94.8507566371056
23900,-8.57399559020996,2.80010223388672,-2.97379112243652,-14.1742000579834,357.5,59.684211730957,94.8507566371056
